HOST_NEIGHBOURHOOD_LGA,YEAR_MONTH,NUMBER_OF_DISTINCT_HOST,ESTIMATED_REVENUE,ESTIMATED_REVENUE_PER_HOST
Sydney,2021-02-01,1822,4019.207387,2571.228321
Willoughby,2020-09-01,47,3806.924528,3922.702128
Sydney,2021-01-01,1031,4373.397781,2470.146460
Canterbury-Bankstown,2020-09-01,118,2345.000000,1372.627119
Waverley,2020-05-01,2201,6099.162055,1530.911858
Lane Cove,2020-09-01,79,6385.609756,5005.063291
Northern Beaches,2020-07-01,485,6893.167546,7041.814433
Bayside,2020-09-01,392,3020.098532,1405.068878
Mosman,2021-03-01,112,8929.314721,14479.241071
Canterbury-Bankstown,2020-09-01,37,2071.435897,1895.567568
Woollahra,2021-03-01,489,8378.174397,5355.329243
Randwick,2020-07-01,681,5451.493047,2897.810573
Northern Beaches,2020-08-01,498,9141.658451,4403.377510
Ryde,2021-01-01,14,9257.062500,10553.785714
Willoughby,2020-05-01,144,2582.756881,3258.798611
Randwick,2020-05-01,442,3711.084530,3756.694570
Sutherland Shire,2020-06-01,65,4370.397436,4988.476923
Canada Bay,2020-10-01,64,3946.073529,3192.859375
Willoughby,2020-09-01,128,8425.552448,7064.718750
North Sydney,2020-07-01,201,2824.896552,3262.044776
Waverley,2020-09-01,561,6092.256536,3383.406417
Burwood,2020-05-01,51,2242.060870,4566.000000
Northern Beaches,2021-01-01,305,10177.741514,9217.963934
Woollahra,2021-02-01,93,8504.948980,7350.591398
Canada Bay,2021-03-01,112,4251.951220,3244.553571
Lane Cove,2021-03-01,77,2729.508065,4192.610390
Mosman,2020-08-01,79,11156.588235,15989.797468
Strathfield,2021-03-01,33,2584.090909,2787.272727
North Sydney,2021-01-01,127,4945.079470,4455.173228
Inner West,2020-09-01,32,7040.312500,6501.250000
Burwood,2021-04-01,23,2049.967742,2413.086957
Hornsby,2021-04-01,3,6472.000000,8629.333333
Strathfield,2020-07-01,18,1575.750000,1692.500000
Bayside,2021-04-01,32,2058.000000,2058.000000
Ryde,2021-03-01,22,3641.600000,3104.545455
Hornsby,2020-08-01,11,902.411765,1394.636364
Hunters Hill,2021-01-01,9,8333.333333,8333.333333
Randwick,2021-03-01,547,3668.586071,3559.438757
Willoughby,2021-04-01,77,5570.550000,3814.207792
Sydney,2020-12-01,2805,4118.320770,1860.668449
Randwick,2020-10-01,459,3994.898113,2288.379085
North Sydney,2021-02-01,273,4969.715232,2967.743590
Canada Bay,2020-12-01,67,4370.438356,4214.656716
Strathfield,2020-09-01,37,2405.294118,2724.324324
Sutherland Shire,2020-05-01,58,5746.271186,4460.172414
Cumberland,2020-12-01,61,1852.788889,2336.655738
Canada Bay,2021-04-01,45,3293.446809,3079.822222
Georges River,2020-10-01,65,2352.786667,2283.523077
Canada Bay,2020-05-01,125,4619.217391,3290.736000
Burwood,2021-01-01,35,1416.272727,1797.000000
Canada Bay,2021-01-01,11,3977.000000,4700.090909
Ryde,2020-06-01,29,3388.000000,3096.896552
Georges River,2021-02-01,90,2530.929825,2025.177778
Canterbury-Bankstown,2020-10-01,1,1800.000000,1800.000000
Lane Cove,2021-01-01,44,6089.854167,6186.659091
Parramatta,2020-06-01,23,3655.393443,7672.130435
Sutherland Shire,2021-01-01,23,5382.192308,5906.826087
Parramatta,2021-03-01,6,3386.666667,5080.000000
Georges River,2020-08-01,4,5808.000000,7260.000000
Canada Bay,2021-03-01,21,7488.772727,7845.380952
Hunters Hill,2020-09-01,23,4766.304348,4762.826087
Ryde,2020-05-01,26,4019.687500,4017.307692
Ryde,2021-04-01,1,4260.000000,4260.000000
Ryde,2021-04-01,8,3937.500000,3937.500000
Fairfield,2020-09-01,1,402.000000,4020.000000
Lane Cove,2021-04-01,4,5527.500000,5527.500000
Bayside,2021-04-01,5,2097.800000,2097.800000
Ryde,2021-01-01,6,1712.333333,1712.333333
Fairfield,2020-06-01,3,2320.692308,9078.333333
Liverpool,2020-07-01,4,10834.500000,29293.750000
Penrith,2021-01-01,3,2742.800000,4571.333333
Camden,2021-03-01,1,1356.000000,1356.000000
Hornsby,2020-10-01,2,3285.000000,3285.000000
Parramatta,2021-03-01,1,9000.000000,9000.000000
Willoughby,2020-10-01,1,1380.000000,1380.000000
Campbelltown,2020-07-01,2,3555.000000,7732.500000
Hornsby,2021-03-01,2,2092.500000,2092.500000
Waverley,2021-01-01,780,6196.884750,4108.474359
Northern Beaches,2020-10-01,283,12537.793566,11542.653710
Bayside,2020-09-01,340,1074.858779,1193.841176
Inner West,2021-01-01,336,3226.288089,1826.562500
Woollahra,2020-11-01,898,7667.984432,5431.197105
Sydney,2021-01-01,1589,4275.285566,2004.108874
Randwick,2021-02-01,257,4797.681356,3713.198444
Randwick,2020-08-01,575,3417.956633,2709.147826
Randwick,2020-12-01,969,5109.780988,2403.063983
Bayside,2021-04-01,172,3180.909091,1636.511628
Hunters Hill,2021-04-01,21,4301.454545,4506.285714
Willoughby,2020-09-01,149,2061.043103,2902.503356
Canterbury-Bankstown,2020-05-01,94,1181.774775,1287.723404
Woollahra,2020-06-01,821,6017.878852,2792.945189
Randwick,2021-01-01,353,4867.413265,3210.286119
Waverley,2021-04-01,375,6240.100000,3850.514667
Mosman,2021-02-01,143,8308.017544,12172.608392
Lane Cove,2020-12-01,2,3434.500000,3434.500000
Woollahra,2020-05-01,13,7706.153846,7429.230769
Lane Cove,2021-04-01,54,6678.486486,7722.000000
Ryde,2020-06-01,59,4623.868421,6932.271186
Burwood,2020-06-01,58,2156.296296,2047.620690
Inner West,2021-01-01,323,3968.455056,2473.040248
Canterbury-Bankstown,2020-12-01,119,2628.172932,1970.142857
Woollahra,2021-04-01,360,10596.619898,8072.041667
Lane Cove,2020-08-01,13,4351.076923,8686.769231
Penrith,2020-07-01,3,808.111111,3060.666667
Cumberland,2021-04-01,12,3549.230769,3845.000000
Lane Cove,2020-08-01,87,2429.325581,3360.724138
Cumberland,2021-03-01,34,2916.923077,2871.176471
Strathfield,2020-06-01,45,2730.000000,2642.666667
Waverley,2020-10-01,10,6153.000000,6153.000000
Northern Beaches,2020-12-01,10,6273.181818,6900.500000
Canada Bay,2021-02-01,56,3578.062500,3778.464286
Sydney,2021-01-01,1180,4314.170404,2525.326271
Waverley,2020-09-01,1866,5626.144349,1576.355841
Northern Beaches,2021-04-01,148,13561.769663,11563.277027
Lane Cove,2020-05-01,24,4473.814815,4897.041667
Burwood,2021-01-01,8,1513.333333,2270.000000
Woollahra,2020-10-01,230,7158.177686,4887.734783
Waverley,2020-07-01,1037,6125.602941,2165.667310
Randwick,2021-01-01,103,3783.913043,3807.864078
Georges River,2020-09-01,6,2621.333333,2621.333333
Burwood,2020-10-01,27,2197.631579,2502.962963
Strathfield,2020-09-01,7,1199.571429,1199.571429
Hornsby,2020-12-01,9,5769.636364,7051.777778
Hunters Hill,2020-10-01,6,5314.166667,5314.166667
Bayside,2020-10-01,82,2453.454545,2145.658537
Parramatta,2020-05-01,14,6818.964286,13096.857143
Ryde,2020-08-01,49,1771.552632,2359.551020
Canterbury-Bankstown,2020-05-01,19,1092.363636,1086.947368
The Hills Shire,2021-02-01,5,7330.062500,21094.600000
Canada Bay,2020-05-01,16,2805.611111,3156.312500
Bayside,2020-12-01,11,1932.428571,1755.818182
Liverpool,2020-05-01,4,3948.200000,4935.250000
Penrith,2020-05-01,1,760.000000,3800.000000
The Hills Shire,2020-06-01,3,2152.500000,2870.000000
Lane Cove,2020-09-01,2,1650.000000,1650.000000
Ryde,2020-10-01,4,3337.500000,3337.500000
Sutherland Shire,2020-09-01,3,3479.000000,3479.000000
Georges River,2020-07-01,3,900.000000,900.000000
The Hills Shire,2020-12-01,4,2917.000000,6563.250000
Hunters Hill,2020-08-01,1,1800.000000,1800.000000
Campbelltown,2021-01-01,2,3320.500000,3320.500000
North Sydney,2020-12-01,1,3210.000000,3210.000000
The Hills Shire,2021-01-01,2,613.000000,613.000000
Parramatta,2020-09-01,1,1460.000000,1460.000000
Hornsby,2020-12-01,1,12300.000000,12300.000000
The Hills Shire,2020-08-01,2,7007.500000,7007.500000
Camden,2021-01-01,1,2769.500000,5539.000000
Cumberland,2020-08-01,1,1500.000000,1500.000000
Waverley,2020-05-01,840,4322.175652,3625.095238
Sydney,2020-10-01,1020,4290.098716,1873.355882
Sydney,2021-03-01,1384,4302.978560,3166.109827
Canterbury-Bankstown,2020-10-01,3,162.333333,162.333333
Bayside,2020-07-01,178,2311.699074,1922.084270
Waverley,2021-01-01,1050,6404.926370,2987.707619
Waverley,2020-12-01,2078,6621.682039,3728.903754
Woollahra,2021-01-01,196,11052.981481,10588.081633
Mosman,2020-07-01,64,6493.802198,8819.000000
Waverley,2020-10-01,164,4643.653061,5142.713415
Sydney,2020-05-01,484,3175.715736,2355.115702
Randwick,2020-10-01,221,2777.831418,2832.294118
Sutherland Shire,2020-10-01,45,3103.500000,3416.333333
Bayside,2020-09-01,119,2332.901515,1815.865546
Canterbury-Bankstown,2021-04-01,100,994.273973,1129.490000
Willoughby,2020-06-01,138,5605.354839,3551.739130
Lane Cove,2020-06-01,90,6459.111111,5165.133333
Woollahra,2020-12-01,572,9021.247678,6799.825175
Woollahra,2020-08-01,421,6548.790043,3478.173397
The Hills Shire,2020-09-01,5,3594.875000,5007.800000
Willoughby,2021-03-01,132,2680.474490,3240.825758
Strathfield,2021-04-01,25,1858.703704,1935.400000
Canada Bay,2020-09-01,133,4270.000000,2962.330827
Inner West,2020-10-01,154,3977.006250,2664.097403
Georges River,2020-07-01,111,2046.420732,2563.009009
Lane Cove,2020-10-01,17,8088.333333,8281.764706
Hunters Hill,2020-11-01,38,4875.526316,4542.631579
Sutherland Shire,2020-07-01,44,9155.755556,6568.386364
Willoughby,2020-07-01,81,1185.675214,1635.493827
Ryde,2020-10-01,10,3618.000000,3321.000000
Canada Bay,2021-04-01,8,2118.000000,2118.000000
North Sydney,2020-10-01,151,4122.728723,4008.284768
Lane Cove,2021-04-01,22,6577.826087,3801.818182
Mosman,2020-10-01,19,13869.000000,13920.000000
Burwood,2020-08-01,47,2381.578947,2071.276596
Hunters Hill,2020-10-01,2,5790.000000,5790.000000
Blacktown,2020-10-01,1,1350.000000,1350.000000
Willoughby,2020-10-01,33,6613.235294,6431.818182
Bayside,2020-08-01,41,1597.913043,1418.146341
Strathfield,2021-01-01,23,1738.520000,1765.782609
Cumberland,2021-01-01,22,2814.321429,3377.318182
Inner West,2020-11-01,1438,3425.520893,1413.038248
Canada Bay,2020-09-01,83,1762.600000,1997.108434
Northern Beaches,2020-06-01,1045,8263.711340,3897.612440
Waverley,2021-04-01,484,4964.263704,5387.361570
Randwick,2020-10-01,280,5629.278523,4037.232143
Mosman,2021-01-01,34,12471.250000,20417.352941
Georges River,2021-03-01,69,1428.577778,1805.637681
Canterbury-Bankstown,2020-10-01,19,2886.315789,2657.368421
Northern Beaches,2021-01-01,79,12694.181818,16762.784810
Sutherland Shire,2021-01-01,44,3330.312500,3523.977273
Ryde,2020-09-01,27,3200.000000,2829.629630
Ryde,2021-04-01,25,2560.593750,3080.120000
Cumberland,2021-01-01,35,1617.500000,1941.800000
Ryde,2021-01-01,21,3675.076923,4435.809524
Mosman,2020-10-01,32,9252.187500,8727.187500
Parramatta,2020-07-01,17,2903.464286,5614.352941
Parramatta,2020-12-01,20,2497.481481,3357.600000
Strathfield,2021-04-01,17,2237.727273,2714.117647
Hunters Hill,2021-02-01,9,7143.333333,7143.333333
Canada Bay,2020-10-01,27,1041.586207,1111.703704
The Hills Shire,2020-10-01,3,6487.714286,14764.666667
The Hills Shire,2020-05-01,7,3973.375000,4541.000000
Northern Beaches,2021-04-01,2,3302.000000,3302.000000
Willoughby,2020-10-01,47,16365.294118,16856.170213
Penrith,2021-03-01,2,3024.500000,6049.000000
Hornsby,2020-07-01,4,3738.000000,4672.500000
Parramatta,2020-10-01,1,2100.000000,2100.000000
The Hills Shire,2020-11-01,7,6772.153846,12300.142857
The Hills Shire,2020-07-01,3,11405.571429,38846.000000
Burwood,2020-10-01,22,1231.514286,1740.818182
Liverpool,2020-08-01,6,1541.285714,3596.333333
Parramatta,2020-07-01,6,2227.250000,2969.666667
Mosman,2020-09-01,7,5844.428571,5201.571429
Liverpool,2020-09-01,5,2335.363636,5137.800000
Burwood,2020-10-01,5,2532.000000,2532.000000
Hunters Hill,2021-04-01,1,1800.000000,1800.000000
Mosman,2020-10-01,2,12481.000000,12481.000000
Burwood,2020-08-01,7,246.000000,351.428571
Northern Beaches,2020-05-01,2,7185.000000,7185.000000
Blacktown,2020-08-01,1,1450.000000,4350.000000
Cumberland,2021-01-01,3,2080.000000,2080.000000
North Sydney,2020-10-01,4,3105.000000,3105.000000
Penrith,2021-01-01,1,662.000000,662.000000
Sutherland Shire,2020-07-01,3,3770.000000,3770.000000
Blacktown,2020-12-01,2,865.000000,1297.500000
The Hills Shire,2021-03-01,3,5297.111111,14228.666667
The Hills Shire,2021-03-01,2,840.000000,840.000000
Blacktown,2020-10-01,1,1425.000000,2850.000000
Fairfield,2021-01-01,2,2208.000000,4416.000000
Waverley,2020-12-01,958,6610.733149,4365.362213
Georges River,2021-04-01,45,2733.380000,2778.422222
Inner West,2020-08-01,337,2666.248244,2226.670623
Cumberland,2020-10-01,17,2319.894737,2312.235294
Lane Cove,2021-04-01,46,2806.879310,3140.739130
Georges River,2021-04-01,55,1430.184211,1721.381818
Northern Beaches,2020-10-01,216,8647.774059,6004.712963
Randwick,2021-04-01,471,4638.937255,2649.851380
Inner West,2020-10-01,322,3645.489796,1873.518634
Willoughby,2020-12-01,130,8883.655405,8477.315385
Hunters Hill,2021-01-01,15,5299.875000,5653.200000
Sydney,2021-02-01,1974,4318.129928,1403.374367
Sutherland Shire,2020-08-01,58,2996.196970,3358.258621
Waverley,2020-05-01,282,5936.928814,4116.290780
Northern Beaches,2020-07-01,477,8913.939236,5270.104822
Northern Beaches,2021-04-01,360,9874.340323,13398.872222
Willoughby,2021-04-01,72,9262.756098,10132.722222
Burwood,2021-02-01,24,647.000000,1125.958333
Canada Bay,2021-03-01,71,2985.209302,2777.154930
Bayside,2021-04-01,186,2022.378182,2239.327957
Blacktown,2021-02-01,1,1450.000000,4350.000000
Lane Cove,2020-12-01,83,6171.646465,6532.566265
Georges River,2021-01-01,46,1880.235294,1993.304348
Waverley,2021-02-01,338,7488.432877,5518.204142
The Hills Shire,2021-01-01,2,42796.750000,85593.500000
Hunters Hill,2020-06-01,20,9265.500000,8950.500000
Northern Beaches,2020-05-01,696,9998.677379,3960.775862
Cumberland,2020-08-01,28,2587.058824,2721.428571
Georges River,2020-10-01,32,2497.026316,2810.531250
Canada Bay,2020-10-01,52,4059.807692,2940.576923
Mosman,2020-10-01,47,5539.411765,4711.914894
Burwood,2020-10-01,18,1453.045455,1505.944444
Cumberland,2021-02-01,34,2693.846154,2435.294118
Campbelltown,2020-07-01,2,3697.500000,3697.500000
Bayside,2020-06-01,388,1969.430976,1652.631443
North Sydney,2020-10-01,185,2849.154135,3468.270270
Liverpool,2020-06-01,7,2673.555556,5692.000000
Willoughby,2020-06-01,167,2172.852590,2431.574850
Cumberland,2020-09-01,38,2758.200000,2779.736842
North Sydney,2021-03-01,368,5173.004963,2774.486413
Woollahra,2020-05-01,110,6719.352941,6463.372727
Lane Cove,2020-06-01,106,2810.601307,3670.801887
Mosman,2021-01-01,78,10012.688172,10122.051282
Georges River,2020-09-01,100,2447.100775,2093.260000
Strathfield,2020-05-01,41,2548.947368,2151.951220
Ryde,2020-08-01,22,3099.583333,2571.363636
Burwood,2020-05-01,9,1769.727273,2163.000000
Lane Cove,2020-12-01,83,3751.145161,5276.192771
Burwood,2021-03-01,1,3870.000000,3870.000000
Sutherland Shire,2020-10-01,12,4360.166667,4360.166667
Georges River,2020-09-01,27,2512.533333,2502.814815
Bayside,2021-03-01,359,3607.327189,1446.852368
Penrith,2020-10-01,2,22785.333333,34178.000000
Canterbury-Bankstown,2020-08-01,7,2370.000000,2370.000000
Burwood,2021-04-01,29,2157.352941,2001.034483
Hunters Hill,2021-03-01,14,5837.142857,5537.142857
The Hills Shire,2020-08-01,4,440.250000,440.250000
Mosman,2021-04-01,35,14232.391304,15950.571429
Mosman,2021-02-01,32,10612.571429,11326.250000
Hornsby,2020-05-01,5,5652.000000,5652.000000
Fairfield,2020-09-01,2,2980.000000,3577.500000
Hornsby,2021-01-01,4,2678.400000,3348.000000
Northern Beaches,2020-07-01,4,4686.750000,4686.750000
Blacktown,2020-08-01,4,836.000000,1463.000000
Hornsby,2021-01-01,8,4456.125000,4456.125000
Parramatta,2021-04-01,5,3448.750000,5518.000000
Parramatta,2021-04-01,3,4040.000000,4040.000000
The Hills Shire,2020-10-01,1,50.000000,50.000000
Campbelltown,2021-01-01,1,53850.000000,53850.000000
Inner West,2020-05-01,3,8590.000000,8590.000000
Canada Bay,2020-12-01,2,4350.000000,4350.000000
Lane Cove,2020-05-01,5,8110.000000,8110.000000
The Hills Shire,2020-12-01,3,97694.666667,97694.666667
Camden,2021-02-01,1,1267.000000,1267.000000
Burwood,2020-10-01,1,297.000000,297.000000
Blacktown,2020-09-01,1,157.500000,315.000000
Willoughby,2020-10-01,2,481.000000,481.000000
Waverley,2020-12-01,1,8340.000000,8340.000000
Inner West,2020-10-01,5,1594.400000,1594.400000
Fairfield,2021-01-01,2,2280.000000,4342.500000
Campbelltown,2021-01-01,1,428.000000,428.000000
Campbelltown,2021-02-01,1,0.000000,0.000000
Willoughby,2021-03-01,1,3000.000000,9450.000000
Parramatta,2020-09-01,2,4555.500000,4555.500000
Sutherland Shire,2020-10-01,1,4480.000000,4480.000000
Fairfield,2021-04-01,1,217.000000,217.000000
Strathfield,2020-07-01,2,1238.000000,1238.000000
Randwick,2020-09-01,675,3867.418478,3113.014815
Sydney,2021-03-01,2495,4317.100594,1194.877355
Waverley,2020-06-01,3089,5703.474742,2009.616381
Mosman,2020-05-01,145,9791.274678,13415.510345
Sydney,2021-04-01,681,3478.115200,3539.311307
Sydney,2020-09-01,88,4153.967391,3365.397727
Cumberland,2020-07-01,34,2516.187500,2551.676471
Mosman,2020-10-01,54,8949.681818,9955.722222
Inner West,2021-04-01,527,4445.138241,1848.751423
Bayside,2021-02-01,235,2426.541311,2622.485106
Waverley,2021-02-01,1339,6366.569387,3765.387603
Strathfield,2021-03-01,49,685.457627,820.346939
Inner West,2020-06-01,464,2675.525890,2544.448276
Bayside,2020-05-01,113,2071.485507,1759.247788
Georges River,2020-06-01,121,2085.271739,2910.983471
Sutherland Shire,2021-01-01,25,4681.230769,4628.480000
Bayside,2020-07-01,224,1245.049563,1401.254464
Bayside,2020-10-01,154,988.015075,1164.331169
Woollahra,2021-01-01,338,5678.724518,4033.778107
Willoughby,2020-07-01,86,5056.541667,3987.534884
Bayside,2021-04-01,211,3006.887029,2130.549763
Waverley,2020-10-01,670,5683.155125,2739.608955
North Sydney,2020-10-01,154,4972.754491,3710.000000
Inner West,2020-08-01,713,4205.724317,1760.563815
Lane Cove,2021-03-01,70,7830.933333,7045.000000
Willoughby,2021-01-01,77,4874.666667,5404.337662
Hornsby,2020-10-01,8,1681.687500,3363.375000
Parramatta,2020-07-01,8,3364.363636,4626.000000
Mosman,2021-01-01,64,10876.207317,12666.703125
North Sydney,2020-05-01,313,2239.832990,2810.865815
Woollahra,2020-05-01,588,6852.704581,2616.789116
Willoughby,2021-01-01,33,2848.684211,3280.303030
Inner West,2021-02-01,181,3641.294416,2818.469613
North Sydney,2020-08-01,11,1606.727273,1606.727273
Georges River,2020-10-01,20,1079.185185,1381.900000
Penrith,2021-01-01,3,2060.000000,2060.000000
Cumberland,2021-02-01,7,5524.500000,7892.142857
Burwood,2021-02-01,46,2211.746032,2262.826087
Canada Bay,2021-02-01,60,3192.394366,3611.583333
Waverley,2020-09-01,39,3163.974359,2948.589744
North Sydney,2021-01-01,154,3821.730769,3120.642857
Sutherland Shire,2021-03-01,47,3845.000000,4404.000000
Cumberland,2020-08-01,49,1018.701031,1829.285714
Willoughby,2020-05-01,130,5730.814286,3678.876923
Lane Cove,2021-01-01,52,3878.474576,3898.653846
Canada Bay,2020-08-01,9,3062.666667,2762.666667
Blacktown,2020-07-01,2,7934.666667,11902.000000
Willoughby,2020-10-01,90,4019.897196,4238.155556
Georges River,2020-10-01,47,2640.727273,2381.702128
Parramatta,2021-04-01,12,2189.848485,4654.833333
Strathfield,2020-05-01,59,2493.986842,1614.627119
Parramatta,2021-02-01,18,2174.607843,4831.444444
Camden,2021-04-01,1,5940.000000,5940.000000
Penrith,2020-10-01,6,10200.461538,11632.666667
Blacktown,2020-06-01,6,505.777778,758.666667
Strathfield,2020-10-01,8,2356.666667,2576.250000
Cumberland,2020-10-01,39,541.767857,750.230769
Liverpool,2020-10-01,3,1888.500000,2518.000000
Liverpool,2021-02-01,2,2161.000000,2161.000000
Cumberland,2020-09-01,19,2547.500000,2308.947368
Hornsby,2021-02-01,5,4166.250000,6666.000000
Sutherland Shire,2020-07-01,13,6055.384615,5686.153846
Fairfield,2021-01-01,1,480.000000,480.000000
Liverpool,2021-04-01,5,4193.428571,5213.000000
Blacktown,2021-04-01,1,1350.000000,
Liverpool,2020-05-01,1,1650.000000,1650.000000
Parramatta,2020-06-01,6,3350.000000,4175.000000
Parramatta,2021-01-01,8,2342.722222,4941.125000
Strathfield,2020-08-01,9,526.363636,518.888889
The Hills Shire,2021-03-01,3,36693.333333,36693.333333
Georges River,2021-04-01,1,0.000000,0.000000
The Hills Shire,2020-08-01,2,920.000000,1380.000000
Hunters Hill,2020-08-01,1,8370.000000,8370.000000
Liverpool,2021-03-01,1,1650.000000,1650.000000
Randwick,2020-12-01,784,5035.273084,4231.456633
Canterbury-Bankstown,2020-06-01,170,1112.598456,1130.623529
Cumberland,2021-01-01,29,1915.258065,2047.344828
Inner West,2021-04-01,158,3734.988372,2479.354430
Sydney,2021-04-01,1644,4298.778658,1438.574209
Waverley,2020-08-01,1466,5624.311111,1768.809004
Woollahra,2021-04-01,207,7804.333333,6002.971014
Inner West,2020-10-01,225,5122.815451,2889.893333
Inner West,2021-01-01,369,3682.712159,2603.891599
Woollahra,2020-10-01,147,7322.396985,9308.884354
Georges River,2021-01-01,47,3608.517857,3725.042553
Penrith,2021-04-01,7,2032.888889,4950.857143
North Sydney,2020-08-01,181,2564.875969,3319.254144
Woollahra,2020-10-01,235,6485.980469,5218.089362
Sydney,2020-12-01,1584,4313.155482,2697.551768
Northern Beaches,2020-09-01,209,9489.205021,7662.918660
North Sydney,2021-03-01,55,6186.370968,6591.909091
North Sydney,2020-10-01,102,5319.252336,3897.941176
Inner West,2021-03-01,817,4251.869021,1542.963280
Randwick,2020-08-01,163,2806.124378,2795.650307
Bayside,2020-10-01,188,2893.878641,1693.132979
Willoughby,2021-04-01,25,4211.285714,4554.640000
North Sydney,2020-12-01,401,4754.388889,3314.917706
Canada Bay,2021-01-01,46,2449.416667,2239.608696
Georges River,2020-08-01,100,1397.356164,1713.800000
Northern Beaches,2021-02-01,189,10912.368030,12699.502646
Randwick,2020-05-01,259,2834.683673,2279.324324
Georges River,2021-04-01,53,2362.741935,2129.433962
Canterbury-Bankstown,2020-10-01,58,1597.147541,1174.586207
Northern Beaches,2021-03-01,4,27528.000000,34410.000000
Inner West,2020-09-01,617,2253.271961,1907.236629
Waverley,2021-03-01,934,5937.107741,5047.885439
Sydney,2021-03-01,357,4692.183623,3961.899160
Sydney,2020-10-01,295,1741.384040,1802.674576
Willoughby,2020-10-01,36,4322.702703,3263.611111
Woollahra,2020-10-01,182,5358.802030,3549.967033
Canterbury-Bankstown,2021-03-01,111,2494.800000,1600.810811
Ryde,2020-05-01,57,2965.107843,3776.947368
Randwick,2020-12-01,12,9487.500000,9487.500000
Penrith,2020-12-01,6,7113.937500,18970.500000
Canada Bay,2020-09-01,8,3839.125000,3839.125000
Cumberland,2020-12-01,34,2248.340909,2721.529412
Willoughby,2021-02-01,100,10670.446429,10142.500000
North Sydney,2020-09-01,17,4819.647059,4652.000000
Hornsby,2020-05-01,1,520.000000,520.000000
Strathfield,2021-01-01,6,1020.166667,1020.166667
Canterbury-Bankstown,2020-09-01,24,1306.806452,1639.208333
Strathfield,2020-10-01,17,1719.294118,1715.176471
Parramatta,2021-02-01,6,3641.250000,4855.000000
Georges River,2021-01-01,47,2334.150943,2084.468085
Strathfield,2020-10-01,21,2046.923077,2301.428571
Georges River,2020-08-01,8,1755.555556,1975.000000
Inner West,2020-07-01,4,900.000000,900.000000
Campbelltown,2020-06-01,1,6000.000000,6000.000000
Willoughby,2020-07-01,1,2400.000000,2400.000000
Liverpool,2021-04-01,1,1650.000000,1650.000000
Hornsby,2020-09-01,2,735.000000,735.000000
Strathfield,2021-04-01,3,1800.000000,1800.000000
Ryde,2020-12-01,2,2325.000000,2325.000000
Campbelltown,2020-09-01,1,1539.000000,1539.000000
Burwood,2020-07-01,1,1620.000000,1620.000000
Campbelltown,2020-12-01,1,67290.000000,67290.000000
Liverpool,2020-10-01,1,3026.000000,3026.000000
Northern Beaches,2020-06-01,407,8375.955556,9701.542998
Randwick,2021-04-01,317,3313.726651,3882.466877
Bayside,2020-08-01,313,3010.215054,1489.424920
Sydney,2020-08-01,1647,2077.892954,1731.231330
Strathfield,2020-07-01,55,1585.078947,1491.218182
Woollahra,2021-04-01,161,5152.497561,6245.192547
Bayside,2021-03-01,294,2639.102975,1828.411565
Bayside,2020-12-01,427,2728.686538,1575.941452
Inner West,2021-02-01,627,4153.408430,1724.569378
Mosman,2021-01-01,58,7720.391304,8608.396552
Waverley,2020-07-01,1221,6155.871722,2641.074529
North Sydney,2020-05-01,19,3829.550000,3443.736842
Inner West,2020-10-01,243,2142.279365,2302.448560
Randwick,2020-09-01,318,4386.859195,2875.808176
Canada Bay,2020-07-01,84,4565.515464,3940.297619
Burwood,2020-06-01,46,2501.682692,4560.847826
Penrith,2020-05-01,7,494.590909,1164.428571
Woollahra,2020-07-01,302,6110.030211,3272.781457
Canada Bay,2020-11-01,199,3347.708696,2610.517588
Hunters Hill,2021-04-01,12,4307.500000,3957.500000
Cumberland,2020-10-01,4,4117.500000,4117.500000
Waverley,2021-03-01,1754,6110.849440,1957.753706
Sutherland Shire,2020-05-01,61,3298.797297,3930.508197
Sutherland Shire,2020-09-01,59,5447.796610,4019.491525
Sutherland Shire,2020-06-01,60,5755.573770,4208.000000
Sutherland Shire,2020-11-01,110,4372.950820,3277.454545
Hornsby,2020-09-01,8,1539.647059,3271.750000
Woollahra,2021-04-01,17,5810.055556,5710.647059
Woollahra,2021-01-01,224,7165.927126,5749.973214
Hunters Hill,2020-12-01,12,7775.833333,7425.833333
Lane Cove,2020-10-01,39,4726.300000,4259.025641
Georges River,2020-05-01,16,702.125000,702.125000
The Hills Shire,2021-04-01,3,14443.750000,35768.000000
Ryde,2020-09-01,11,2612.727273,2612.727273
Hunters Hill,2021-01-01,6,6609.333333,6609.333333
Waverley,2021-03-01,13,9304.692308,9304.692308
Parramatta,2020-05-01,8,3150.000000,3375.000000
Northern Beaches,2020-10-01,316,10168.814004,11051.879747
Strathfield,2020-06-01,65,677.554348,861.769231
Georges River,2020-11-01,190,2172.565836,2159.494737
Hornsby,2020-12-01,7,2948.300000,4211.857143
Bayside,2021-01-01,161,3140.395604,2821.968944
Woollahra,2020-10-01,2,3090.000000,3090.000000
Canterbury-Bankstown,2021-01-01,30,691.878788,757.900000
Randwick,2020-09-01,77,4373.786517,4796.584416
Canterbury-Bankstown,2021-01-01,49,2507.454545,1984.285714
Ryde,2020-05-01,21,9001.971429,11731.857143
Willoughby,2020-05-01,5,7012.800000,7012.800000
North Sydney,2021-04-01,20,5496.857143,5771.700000
Willoughby,2021-04-01,86,2629.226563,3562.034884
Woollahra,2020-12-01,4,15385.500000,15385.500000
Fairfield,2020-10-01,1,319.000000,638.000000
Ryde,2021-02-01,7,5457.571429,4600.428571
Hunters Hill,2020-10-01,9,9326.666667,9326.666667
Liverpool,2020-12-01,2,5625.000000,5625.000000
Campbelltown,2021-03-01,2,57500.000000,43755.000000
Campbelltown,2020-05-01,1,6030.000000,6030.000000
Lane Cove,2021-01-01,36,3860.650000,4143.777778
Cumberland,2021-04-01,17,2167.894737,2047.058824
Canada Bay,2020-05-01,1,4500.000000,4500.000000
Strathfield,2021-04-01,7,3037.500000,3471.428571
Canada Bay,2020-07-01,1,1320.000000,1320.000000
Parramatta,2020-10-01,4,2530.000000,3162.500000
Woollahra,2020-07-01,1,4640.000000,4640.000000
Strathfield,2020-05-01,2,900.000000,900.000000
Hornsby,2021-04-01,1,2100.000000,2100.000000
Woollahra,2020-10-01,1,1200.000000,1200.000000
Waverley,2021-04-01,1,2799.000000,2799.000000
Waverley,2020-08-01,1159,4903.043992,3441.064711
Woollahra,2021-01-01,176,7374.056701,6863.562500
Bayside,2020-10-01,212,1873.698842,1589.278302
Randwick,2020-09-01,1099,4763.069182,1771.605096
Georges River,2021-03-01,30,2179.729730,2688.333333
Hornsby,2021-02-01,12,1186.062500,1471.500000
Mosman,2020-06-01,144,8775.211382,12734.652778
Sydney,2020-07-01,1637,4245.302705,1071.117899
Willoughby,2021-01-01,67,3696.848101,3857.477612
Inner West,2021-04-01,280,2378.243968,2510.610714
North Sydney,2020-09-01,333,2642.198853,3106.666667
North Sydney,2020-08-01,308,4975.562310,2885.779221
Waverley,2020-10-01,423,6239.839479,3390.345154
Woollahra,2021-04-01,99,6775.564815,5701.525253
Inner West,2020-12-01,602,3591.076495,2502.980066
Inner West,2020-08-01,314,1924.029268,1869.996815
Mosman,2020-11-01,247,9039.195373,10439.542510
Woollahra,2020-08-01,158,6574.163551,7018.234177
Northern Beaches,2020-08-01,573,5867.065243,5654.828970
Randwick,2021-04-01,47,6040.687500,6060.702128
Inner West,2020-05-01,156,4220.175758,2829.282051
Waverley,2020-10-01,316,6025.489614,3821.740506
Northern Beaches,2020-07-01,364,10117.279279,6038.302198
Woollahra,2021-02-01,371,6358.115942,3998.167116
North Sydney,2020-05-01,429,5523.961620,2570.974359
Mosman,2021-01-01,66,11717.528736,14198.863636
Canterbury-Bankstown,2020-10-01,67,1869.777778,1680.358209
Inner West,2021-04-01,47,4048.127660,3734.085106
Strathfield,2020-12-01,63,1340.360000,1409.396825
Canterbury-Bankstown,2020-05-01,70,821.573643,826.957143
Mosman,2021-04-01,71,10467.625000,12365.816901
Canterbury-Bankstown,2021-03-01,116,1137.110497,1102.767241
Waverley,2021-01-01,51,7065.850000,7742.176471
Sydney,2021-04-01,19,46632.450000,26280.473684
Hornsby,2021-01-01,4,6275.500000,6275.500000
Sutherland Shire,2021-04-01,26,5077.192308,4304.115385
Hunters Hill,2021-02-01,10,3905.900000,3485.900000
Bayside,2020-12-01,318,2258.027273,2101.745283
Northern Beaches,2021-01-01,409,10434.482897,8073.740831
Sutherland Shire,2021-02-01,45,3581.918367,3829.200000
Sydney,2021-04-01,153,4069.601266,3629.653595
Willoughby,2020-07-01,102,3957.224638,4069.294118
Randwick,2020-06-01,1518,4908.045089,1646.466403
Burwood,2021-03-01,51,2334.393939,2270.980392
Willoughby,2020-10-01,81,3047.247934,3691.962963
Lane Cove,2021-02-01,73,3498.720721,5100.945205
Mosman,2020-12-01,128,12428.538860,15587.093750
Burwood,2021-01-01,17,1302.586207,2220.294118
Strathfield,2021-02-01,38,873.640000,1113.210526
Burwood,2020-12-01,39,2087.305085,2818.743590
Bayside,2020-08-01,29,2218.135135,2178.310345
Mosman,2020-10-01,58,8386.112676,9210.586207
The Hills Shire,2020-07-01,4,5414.400000,6768.000000
Bayside,2020-10-01,5,1500.000000,1800.000000
Sutherland Shire,2021-02-01,25,3598.129032,4004.280000
Cumberland,2021-02-01,52,1209.800000,1881.076923
Lane Cove,2020-05-01,93,2311.910448,3193.946237
Bayside,2021-01-01,218,2758.620818,2417.614679
Canada Bay,2020-10-01,17,4694.117647,4438.235294
Sutherland Shire,2020-10-01,29,5826.206897,5133.103448
Canada Bay,2021-04-01,29,4610.833333,4928.275862
Sutherland Shire,2020-10-01,14,3872.785714,3690.642857
Sutherland Shire,2020-08-01,50,5485.200000,3979.800000
Cumberland,2021-04-01,19,1759.600000,2220.526316
Northern Beaches,2020-08-01,19,14408.800000,18958.947368
Blacktown,2021-01-01,2,1460.000000,2190.000000
Woollahra,2020-09-01,6,7583.333333,7583.333333
Liverpool,2021-04-01,2,2943.000000,2943.000000
Lane Cove,2020-10-01,10,4092.000000,4092.000000
Campbelltown,2020-10-01,2,2491.000000,2491.000000
Hornsby,2020-05-01,5,1299.285714,1819.000000
Blacktown,2021-01-01,1,40104.000000,40104.000000
Mosman,2020-12-01,1,49260.000000,49260.000000
Sydney,2020-12-01,2,7305.000000,7305.000000
Campbelltown,2021-04-01,1,0.000000,0.000000
Campbelltown,2020-05-01,2,1381.600000,3454.000000
Fairfield,2021-04-01,1,3852.000000,3852.000000
Penrith,2020-10-01,1,3000.000000,3000.000000
Sydney,2020-11-01,4156,3691.759631,1423.683109
Cumberland,2020-05-01,29,3098.614035,5745.034483
Randwick,2020-08-01,878,4835.613320,1908.681093
Northern Beaches,2020-10-01,117,9655.222222,7576.393162
North Sydney,2020-10-01,143,3954.312102,3116.482517
Waverley,2020-10-01,712,5810.048934,3865.772472
Randwick,2020-07-01,617,4588.578947,1744.241491
Bayside,2021-02-01,167,1781.717949,2073.383234
Cumberland,2020-06-01,48,3505.762712,3554.791667
Randwick,2021-03-01,116,4370.162393,3415.637931
Woollahra,2021-02-01,423,8170.562030,8306.241135
Northern Beaches,2021-04-01,420,9003.530172,5459.257143
North Sydney,2020-07-01,248,4564.158055,3956.532258
Lane Cove,2021-01-01,36,5270.347826,6577.666667
Burwood,2020-05-01,51,2470.301587,1928.019608
Mosman,2020-12-01,128,10590.207254,14099.750000
Canterbury-Bankstown,2020-07-01,89,2474.081633,1689.775281
Cumberland,2020-05-01,46,4006.363636,4539.130435
Georges River,2021-02-01,83,1640.630252,1962.722892
Georges River,2020-08-01,75,2380.561798,2026.533333
Sydney,2020-08-01,177,5742.000000,5169.728814
North Sydney,2020-10-01,56,5168.830508,4575.196429
Cumberland,2020-11-01,86,1611.914894,1996.220930
Mosman,2020-10-01,86,10099.412500,17079.720930
North Sydney,2020-12-01,279,4438.967213,4257.659498
Strathfield,2021-02-01,33,2630.714286,2690.000000
Bayside,2021-01-01,89,3233.601770,3106.325843
Canterbury-Bankstown,2021-01-01,70,2206.924051,1973.814286
Canterbury-Bankstown,2021-01-01,100,1449.500000,1347.190000
Lane Cove,2020-07-01,36,5970.000000,4836.666667
Ryde,2020-07-01,14,4375.166667,4114.642857
Canterbury-Bankstown,2021-04-01,58,2985.762712,2111.379310
Canada Bay,2020-07-01,90,3644.229167,3306.511111
Bayside,2020-10-01,5,4814.000000,4814.000000
Sydney,2021-03-01,13,4317.812500,4760.384615
Canada Bay,2020-08-01,86,2005.029703,2199.395349
Randwick,2021-01-01,399,4881.750583,3197.889724
Ryde,2021-01-01,16,2815.095238,2944.812500
Sutherland Shire,2021-04-01,39,4440.309524,4051.871795
Northern Beaches,2021-04-01,39,6762.357143,6578.692308
Lane Cove,2020-10-01,51,2859.523810,3374.117647
Burwood,2020-12-01,59,1601.240741,2330.966102
Parramatta,2020-10-01,12,2601.916667,2601.916667
Ryde,2021-02-01,17,2987.500000,3165.294118
Strathfield,2020-05-01,13,1171.105263,1711.615385
The Hills Shire,2020-10-01,3,166.333333,166.333333
Waverley,2020-10-01,5,5538.000000,5538.000000
Canada Bay,2020-07-01,37,3135.285714,3200.324324
Canada Bay,2020-09-01,41,2582.243902,2289.560976
Fairfield,2021-02-01,2,1421.000000,6394.500000
Ryde,2020-10-01,23,2215.807692,2246.565217
Fairfield,2020-11-01,2,1738.400000,8692.000000
Strathfield,2021-02-01,23,999.640000,1086.565217
Hornsby,2020-11-01,15,2387.555556,4297.600000
Ryde,2020-11-01,64,2433.666667,2592.781250
Willoughby,2021-04-01,15,15498.666667,15098.666667
Cumberland,2020-07-01,22,2947.560000,3008.590909
Penrith,2021-01-01,6,7137.333333,14274.666667
Hornsby,2021-03-01,4,4854.000000,6067.500000
Blacktown,2020-07-01,5,2401.666667,1587.800000
Randwick,2020-10-01,4,7807.500000,7807.500000
Penrith,2020-09-01,2,849.000000,1698.000000
Willoughby,2020-12-01,3,1800.000000,1800.000000
Hornsby,2020-08-01,4,3585.000000,5377.500000
Blacktown,2020-10-01,4,750.333333,1125.500000
The Hills Shire,2020-07-01,1,1200.000000,1200.000000
Mosman,2021-03-01,3,12830.000000,12830.000000
Northern Beaches,2020-12-01,2,9300.000000,9300.000000
Burwood,2020-05-01,3,2219.333333,2219.333333
Penrith,2020-09-01,3,1140.000000,1140.000000
Liverpool,2020-09-01,1,2970.000000,2970.000000
Sydney,2020-05-01,3,2320.000000,2320.000000
Campbelltown,2020-08-01,1,6870.000000,6870.000000
Woollahra,2021-03-01,1,9900.000000,9900.000000
Blacktown,2021-01-01,1,1450.000000,4350.000000
Woollahra,2020-09-01,416,7739.861759,8425.939904
North Sydney,2021-04-01,251,4701.492701,3222.625498
Northern Beaches,2020-11-01,1279,9895.421309,6796.079750
Waverley,2021-02-01,1291,5933.328814,2456.235476
Hornsby,2020-05-01,15,1558.962963,2806.133333
Ryde,2020-12-01,33,2700.050000,3015.515152
Inner West,2020-06-01,1151,4614.866667,1590.631625
Cumberland,2020-06-01,65,1584.396947,2866.123077
Northern Beaches,2020-08-01,228,8175.786486,11045.179825
Randwick,2021-02-01,802,4759.514009,2304.936409
Waverley,2020-09-01,1200,5824.896830,4654.305833
Northern Beaches,2021-01-01,385,11032.772636,10305.927273
Bayside,2021-03-01,56,2258.938462,2362.517857
North Sydney,2021-04-01,82,5028.152174,4064.878049
Hunters Hill,2020-08-01,13,6357.692308,5676.923077
Hunters Hill,2020-06-01,23,5029.304348,5029.304348
Canterbury-Bankstown,2020-08-01,94,2382.923810,1595.819149
Strathfield,2021-03-01,10,1145.600000,1145.600000
Canada Bay,2020-06-01,139,4552.960784,3072.107914
Sutherland Shire,2020-09-01,60,3300.376812,3735.433333
Georges River,2021-04-01,6,267.666667,267.666667
Hornsby,2020-06-01,15,1466.333333,2422.666667
Woollahra,2021-01-01,25,19526.823529,26556.480000
Burwood,2021-04-01,24,1104.269231,2293.041667
Burwood,2020-07-01,31,2644.013889,5831.580645
Parramatta,2020-08-01,17,1101.564103,2269.470588
Fairfield,2021-04-01,2,837.666667,2513.000000
Hunters Hill,2020-07-01,9,7440.000000,7440.000000
Randwick,2020-10-01,404,4761.746204,2833.378713
Georges River,2020-10-01,15,3763.333333,4436.000000
Hunters Hill,2020-09-01,5,8591.000000,8591.000000
Inner West,2021-01-01,100,1868.735849,1706.610000
Sutherland Shire,2021-04-01,14,5826.428571,5119.285714
Lane Cove,2020-09-01,96,2609.083333,4068.552083
Sutherland Shire,2020-10-01,8,5752.500000,5752.500000
Ryde,2021-03-01,29,3221.785714,4208.793103
Willoughby,2021-02-01,35,3372.868421,3661.971429
Parramatta,2021-01-01,8,1822.200000,2277.750000
Burwood,2021-03-01,31,1288.508197,2444.322581
Penrith,2021-04-01,2,5157.000000,15471.000000
Parramatta,2021-01-01,5,989.500000,1880.200000
Ryde,2020-07-01,45,9592.477273,11041.200000
Willoughby,2021-03-01,22,4047.520000,4463.090909
Cumberland,2020-10-01,21,2180.961538,2700.238095
Canterbury-Bankstown,2021-04-01,7,3261.428571,1654.285714
Bayside,2020-05-01,17,909.684211,1016.705882
Lane Cove,2020-07-01,1,5040.000000,5040.000000
Bayside,2020-07-01,9,2925.666667,2925.666667
Parramatta,2021-01-01,10,3982.714286,5125.800000
Sutherland Shire,2021-04-01,2,885.000000,885.000000
Ryde,2021-03-01,9,4202.000000,4202.000000
Sutherland Shire,2020-08-01,2,1500.000000,1500.000000
Fairfield,2020-09-01,2,936.500000,936.500000
Blacktown,2020-05-01,6,1143.333333,1715.000000
Fairfield,2021-02-01,1,4354.000000,4354.000000
Georges River,2020-12-01,1,1230.000000,1230.000000
Ryde,2020-10-01,1,4470.000000,4470.000000
Liverpool,2021-01-01,3,1496.250000,1995.000000
North Sydney,2020-10-01,3,1380.000000,1380.000000
Campbelltown,2020-09-01,1,0.000000,0.000000
Cumberland,2020-07-01,4,1720.000000,1720.000000
Sydney,2020-07-01,2,2360.000000,2360.000000
Fairfield,2020-10-01,2,4734.666667,7102.000000
Liverpool,2020-09-01,1,1650.000000,1650.000000
Fairfield,2020-12-01,1,163.333333,490.000000
Randwick,2020-05-01,1,15030.000000,15030.000000
Randwick,2020-11-01,1716,4587.423398,2061.253497
Mosman,2020-09-01,132,9107.289683,15177.954545
Waverley,2021-04-01,1204,6719.422958,2641.039037
Northern Beaches,2021-03-01,625,10613.443213,5362.185600
Canterbury-Bankstown,2020-07-01,141,1032.378109,968.843972
North Sydney,2020-05-01,93,4031.212963,4204.849462
Bayside,2020-06-01,431,3286.884990,1131.907193
Sydney,2020-05-01,80,5567.096386,4350.487500
Lane Cove,2020-07-01,92,2597.751724,3629.108696
Canterbury-Bankstown,2021-03-01,39,2686.477273,2890.128205
Sydney,2020-06-01,4430,3923.198338,1427.812641
Northern Beaches,2020-05-01,606,6525.721193,6097.092409
Sydney,2020-09-01,846,4419.275789,2580.984634
Sutherland Shire,2021-04-01,31,3414.777778,3965.548387
Waverley,2020-05-01,42,7096.500000,6192.214286
North Sydney,2021-04-01,149,3117.935065,3926.832215
Waverley,2020-08-01,91,4631.628866,3907.340659
Canada Bay,2021-04-01,54,4425.285714,4878.018519
Georges River,2021-03-01,96,2587.447154,2232.041667
Canterbury-Bankstown,2020-11-01,272,1618.170799,1198.996324
Parramatta,2021-03-01,12,1075.921053,2590.666667
Inner West,2020-05-01,29,3362.612903,3337.965517
Georges River,2021-02-01,18,2797.190476,3196.722222
Georges River,2020-07-01,21,3672.000000,4060.000000
Strathfield,2020-08-01,57,593.450704,735.000000
Georges River,2021-04-01,32,2568.611111,2334.687500
Inner West,2020-05-01,537,3031.190608,2673.355680
Woollahra,2020-08-01,21,29201.840000,34747.428571
Canterbury-Bankstown,2020-07-01,35,2887.024390,2722.800000
Hunters Hill,2021-01-01,3,2456.333333,2456.333333
Sydney,2020-10-01,26,6650.666667,8269.307692
Randwick,2020-05-01,38,3531.850000,3512.473684
Ryde,2021-02-01,35,3284.836364,4707.714286
Randwick,2021-01-01,433,4366.757764,2953.838337
Ryde,2020-09-01,48,1681.324324,2172.041667
Canada Bay,2021-01-01,44,3291.040000,3296.636364
Inner West,2021-03-01,492,2653.564945,2311.778455
Hunters Hill,2020-08-01,22,4701.227273,4697.590909
Lane Cove,2021-02-01,38,3841.720930,4316.684211
Canterbury-Bankstown,2021-02-01,94,2480.377358,1785.957447
Hornsby,2021-03-01,11,1549.466667,2061.090909
Parramatta,2020-09-01,16,1292.785714,3016.000000
Hunters Hill,2020-10-01,7,3398.000000,3386.571429
Blacktown,2020-09-01,1,1450.000000,4350.000000
Ryde,2021-01-01,18,2935.947368,3099.055556
Burwood,2020-10-01,23,580.558140,1007.130435
Penrith,2020-08-01,6,554.133333,1385.333333
Hunters Hill,2020-10-01,9,4165.000000,4165.000000
Hornsby,2020-07-01,14,2633.806452,2767.285714
Ryde,2020-09-01,2,2802.000000,2802.000000
Ryde,2020-08-01,3,990.000000,990.000000
Blacktown,2021-03-01,2,1462.500000,2175.000000
Liverpool,2020-05-01,6,1749.500000,3929.333333
Parramatta,2020-08-01,8,4120.000000,6180.000000
Liverpool,2021-01-01,1,1650.000000,1650.000000
Liverpool,2021-02-01,6,1486.555556,1808.500000
Campbelltown,2020-12-01,2,23693.333333,34540.000000
Randwick,2020-07-01,5,3735.200000,3445.200000
Cumberland,2021-03-01,9,3225.555556,6121.111111
Hornsby,2021-04-01,8,2128.666667,2394.750000
Liverpool,2020-10-01,4,2016.600000,2520.750000
Hunters Hill,2020-05-01,1,8070.000000,8070.000000
Parramatta,2021-04-01,2,3712.500000,7425.000000
Penrith,2021-01-01,2,14912.250000,32527.000000
Liverpool,2020-07-01,1,3916.000000,3916.000000
Willoughby,2021-02-01,142,2800.583732,3413.464789
Northern Beaches,2021-03-01,556,8715.172043,10920.462230
Sydney,2020-05-01,1638,2718.806312,2279.759463
Sydney,2020-07-01,1722,4943.581367,2110.967480
Inner West,2020-07-01,566,4844.970543,2746.355124
Randwick,2021-04-01,696,4789.917431,2029.393678
Sydney,2020-10-01,515,3995.110368,2624.858252
Georges River,2020-05-01,21,1739.913043,1832.761905
Waverley,2020-11-01,2945,5900.032373,2351.152122
North Sydney,2020-06-01,292,2541.975610,2988.277397
Northern Beaches,2021-04-01,322,10109.229798,8334.673913
Willoughby,2020-11-01,269,5306.040984,5491.516729
Bayside,2020-10-01,183,2042.817734,1468.207650
Northern Beaches,2021-01-01,293,12100.933862,12318.945392
North Sydney,2020-06-01,525,5140.804276,2757.373333
Woollahra,2020-05-01,346,5886.371308,6776.011561
North Sydney,2021-01-01,179,4186.843318,4109.374302
Sydney,2020-10-01,699,4806.997465,3018.241774
Bayside,2020-05-01,416,3358.244094,1217.759615
Mosman,2020-09-01,47,6575.673077,6222.021277
Hunters Hill,2020-12-01,25,4657.240000,4377.240000
Liverpool,2020-10-01,1,3320.000000,9960.000000
Sutherland Shire,2021-02-01,49,5613.673469,4518.367347
Sydney,2020-09-01,2670,4330.997235,1153.732584
Northern Beaches,2020-10-01,288,7647.412979,5670.604167
Lane Cove,2021-03-01,17,3278.555556,3471.411765
Canada Bay,2020-05-01,108,1708.094595,2109.166667
Canada Bay,2021-04-01,66,4013.283582,3091.818182
Sutherland Shire,2020-05-01,13,4249.357143,4576.230769
Sutherland Shire,2020-12-01,49,5800.551020,4674.020408
Mosman,2021-03-01,23,19101.080000,20762.043478
Canterbury-Bankstown,2020-07-01,12,1397.000000,1397.000000
Sydney,2020-12-01,49,5171.855072,6333.836735
Blacktown,2021-03-01,3,1470.333333,1297.666667
Cumberland,2020-05-01,47,874.152941,1411.191489
Blacktown,2021-01-01,1,0.000000,0.000000
Cumberland,2021-01-01,24,1425.103448,1646.916667
Strathfield,2020-10-01,27,462.235294,578.185185
Burwood,2020-11-01,90,1352.622093,1805.777778
Mosman,2021-03-01,115,10351.241611,11001.173913
Liverpool,2020-11-01,7,1471.285714,1471.285714
Strathfield,2020-09-01,16,2090.000000,2477.500000
Sutherland Shire,2020-12-01,3,4100.000000,4100.000000
Cumberland,2021-03-01,50,1698.060976,2654.620000
Waverley,2020-06-01,84,3933.744444,3666.642857
Hornsby,2020-06-01,5,2952.000000,2952.000000
Lane Cove,2020-10-01,33,5700.971429,4619.212121
Strathfield,2020-10-01,16,2475.000000,2784.375000
Sutherland Shire,2020-12-01,63,4895.232877,5404.952381
Canterbury-Bankstown,2020-10-01,43,1868.568182,1511.906977
Liverpool,2021-01-01,3,1619.333333,1619.333333
Canada Bay,2020-05-01,11,3013.636364,3013.636364
Ryde,2020-12-01,37,3308.909091,3857.081081
Cumberland,2020-09-01,53,1117.989130,1873.905660
Hornsby,2021-04-01,2,3300.000000,4950.000000
Willoughby,2020-08-01,8,695.000000,955.625000
Parramatta,2020-12-01,7,3677.866667,7326.000000
Blacktown,2020-07-01,1,1320.000000,3960.000000
Hunters Hill,2021-02-01,20,4313.750000,4309.750000
Blacktown,2021-01-01,2,22307.500000,22307.500000
Hunters Hill,2021-01-01,4,6045.000000,3952.500000
The Hills Shire,2020-09-01,2,915.000000,915.000000
Burwood,2021-04-01,18,2034.482759,2761.111111
Hunters Hill,2021-03-01,1,1740.000000,1740.000000
Penrith,2020-05-01,1,1530.000000,1530.000000
Parramatta,2020-10-01,5,3755.000000,4506.000000
Blacktown,2021-04-01,3,1257.000000,645.000000
Penrith,2021-02-01,7,7617.137931,13681.428571
Blacktown,2020-12-01,3,784.000000,1306.666667
Penrith,2020-06-01,2,3150.000000,3150.000000
Liverpool,2021-03-01,5,3194.111111,4951.800000
Burwood,2020-08-01,2,5355.000000,5355.000000
Camden,2020-07-01,1,10785.000000,19413.000000
Blacktown,2020-05-01,3,3048.000000,5080.000000
The Hills Shire,2020-09-01,2,3632.000000,2956.500000
Blacktown,2021-04-01,1,1530.000000,3060.000000
Campbelltown,2021-02-01,2,35571.200000,45094.000000
The Hills Shire,2021-01-01,1,468.000000,468.000000
Georges River,2020-10-01,2,1050.000000,1050.000000
The Hills Shire,2021-01-01,1,1005.000000,2010.000000
The Hills Shire,2021-02-01,1,1005.000000,2010.000000
Blacktown,2020-09-01,1,0.000000,0.000000
Hunters Hill,2021-03-01,24,5352.560000,5575.583333
Campbelltown,2020-08-01,3,376.333333,376.333333
Woollahra,2020-07-01,260,7372.164804,8706.526923
Sydney,2020-10-01,1151,3575.545649,2055.668983
Canterbury-Bankstown,2021-04-01,75,1439.609756,1125.040000
Burwood,2020-09-01,40,795.210000,1660.700000
Canada Bay,2021-02-01,89,4415.100000,3574.719101
Randwick,2021-02-01,682,4392.742373,3083.777126
Randwick,2020-05-01,1262,5014.450408,1473.900951
Georges River,2020-10-01,59,1903.471429,1932.932203
Lane Cove,2021-02-01,59,6326.552239,5798.542373
Strathfield,2021-04-01,42,493.808511,549.023810
Ryde,2020-10-01,21,1840.172414,2445.952381
North Sydney,2021-04-01,161,4321.776119,3766.534161
Hunters Hill,2020-07-01,12,8200.666667,7853.166667
Inner West,2020-09-01,233,3736.733871,2201.373391
Parramatta,2020-11-01,24,1715.978723,2972.541667
Burwood,2020-09-01,3,902.333333,902.333333
North Sydney,2020-07-01,229,4854.826715,3226.803493
Burwood,2020-09-01,55,2184.177215,2225.272727
Mosman,2021-04-01,68,8590.157895,13643.470588
Woollahra,2020-12-01,333,7574.456576,7449.837838
Hunters Hill,2020-07-01,16,8022.875000,8017.875000
Waverley,2020-08-01,47,6499.551020,6549.957447
Willoughby,2020-08-01,136,1959.500000,2619.485294
Georges River,2020-05-01,105,1913.886792,2617.552381
Mosman,2021-04-01,76,11168.219780,12792.210526
Cumberland,2021-04-01,32,1132.483871,1897.937500
Lane Cove,2020-10-01,48,3100.661017,3811.229167
Canada Bay,2020-08-01,103,4499.444444,3366.116505
Strathfield,2020-10-01,22,2177.160000,2405.863636
Randwick,2020-08-01,30,4871.594595,5942.966667
Hunters Hill,2021-04-01,6,9082.500000,9082.500000
Blacktown,2020-11-01,4,1062.777778,2391.250000
Ryde,2020-05-01,1,62640.000000,62640.000000
Strathfield,2021-01-01,25,1193.423077,1235.760000
Sutherland Shire,2020-10-01,12,5412.500000,5037.500000
Bayside,2021-01-01,184,2816.686275,1683.027174
Inner West,2020-09-01,875,4137.194387,1477.715429
Inner West,2021-03-01,123,3919.707692,3561.560976
Georges River,2020-09-01,98,1666.882353,2245.183673
Woollahra,2020-09-01,531,7693.797297,4934.026365
Parramatta,2021-01-01,5,3755.000000,3755.000000
Georges River,2020-07-01,65,2499.960000,1948.107692
Canterbury-Bankstown,2020-05-01,124,2553.220690,1332.475806
Ryde,2020-10-01,11,3518.916667,3429.727273
Burwood,2021-02-01,21,1791.073171,3108.285714
Campbelltown,2020-06-01,2,1599.800000,3999.500000
Sydney,2020-10-01,16,5413.125000,5038.125000
Parramatta,2021-03-01,5,4517.833333,5421.400000
Waverley,2020-12-01,16,7124.111111,7920.875000
Blacktown,2020-06-01,2,2326.600000,5816.500000
Cumberland,2021-04-01,3,3440.000000,3440.000000
Lane Cove,2020-09-01,31,5012.032258,4494.290323
Sutherland Shire,2021-03-01,11,3201.000000,3201.000000
Penrith,2020-09-01,4,6322.777778,5523.500000
Hornsby,2020-09-01,7,3256.857143,3256.857143
Hornsby,2020-07-01,1,2581.000000,2581.000000
Strathfield,2020-08-01,2,3180.000000,3180.000000
Blacktown,2021-04-01,3,1784.666667,1784.666667
Burwood,2021-04-01,2,7600.000000,7600.000000
Hornsby,2020-10-01,4,3022.000000,3777.500000
Cumberland,2020-05-01,5,1786.000000,1786.000000
The Hills Shire,2020-05-01,3,2320.000000,2320.000000
Penrith,2020-07-01,5,905.800000,905.800000
Randwick,2021-03-01,3,9410.000000,9410.000000
Fairfield,2021-03-01,2,828.875000,3315.500000
Hornsby,2020-10-01,5,7134.000000,7134.000000
Liverpool,2020-09-01,3,1357.750000,1810.333333
Campbelltown,2021-04-01,1,8279.500000,16559.000000
Sutherland Shire,2020-08-01,3,3040.000000,3040.000000
The Hills Shire,2021-04-01,3,12652.000000,16869.333333
Waverley,2020-07-01,4,10371.000000,10371.000000
Liverpool,2020-08-01,1,1650.000000,1650.000000
Waverley,2020-05-01,1,2280.000000,2280.000000
Fairfield,2020-05-01,1,1347.000000,1347.000000
Lane Cove,2020-08-01,1,40.000000,40.000000
Inner West,2020-10-01,5,1656.000000,1416.000000
Fairfield,2020-12-01,1,226.250000,905.000000
Liverpool,2020-06-01,1,1620.000000,1620.000000
Parramatta,2020-08-01,1,220.000000,220.000000
Bayside,2020-11-01,703,2109.032258,1228.176387
Northern Beaches,2020-12-01,809,13846.852810,13311.328801
Waverley,2020-07-01,519,3583.898698,3133.472062
Sydney,2021-04-01,609,4427.351213,2475.067323
Woollahra,2020-06-01,200,8260.952899,10388.865000
Woollahra,2020-07-01,332,6666.700831,3896.219880
Canada Bay,2021-01-01,66,3811.470588,3325.606061
Waverley,2021-03-01,214,6928.458150,5231.261682
Inner West,2020-10-01,340,3091.674797,1823.508824
Georges River,2021-01-01,62,1833.191781,1890.048387
Lane Cove,2020-08-01,59,6805.781250,5653.728814
Lane Cove,2020-11-01,170,4116.277778,4495.758824
Canada Bay,2020-06-01,111,1796.655405,2112.891892
Sydney,2020-08-01,88,1988.537736,1874.602273
Sutherland Shire,2021-03-01,56,5078.771930,4045.000000
Willoughby,2020-05-01,53,1652.963636,1564.566038
Sutherland Shire,2020-05-01,7,2801.142857,2801.142857
Burwood,2021-01-01,23,2149.361111,2687.434783
Ryde,2021-04-01,9,4152.000000,4613.333333
Northern Beaches,2021-02-01,466,11640.547273,6519.336910
Bayside,2020-07-01,302,4280.107527,1970.854305
Willoughby,2020-08-01,104,8927.213675,7833.788462
Mosman,2020-09-01,136,8476.986842,7257.808824
Lane Cove,2021-01-01,25,1730.343750,2207.800000
Lane Cove,2021-04-01,38,4016.041667,5022.368421
Mosman,2020-08-01,102,9282.530973,8520.941176
Mosman,2020-05-01,23,3631.076923,4104.695652
Inner West,2020-12-01,881,3817.806218,1649.165721
Woollahra,2020-10-01,73,20058.027027,18285.397260
Canterbury-Bankstown,2021-04-01,29,2025.151515,1807.931034
Mosman,2020-05-01,138,9423.400000,7611.210145
Northern Beaches,2020-05-01,32,11159.636364,10684.312500
Strathfield,2020-08-01,29,2786.571429,3266.896552
Burwood,2020-10-01,26,1735.805556,2143.153846
Canterbury-Bankstown,2021-02-01,135,1797.870370,1633.207407
Parramatta,2020-05-01,21,8615.750000,9589.047619
Hunters Hill,2020-10-01,7,8374.285714,8374.285714
Hornsby,2021-01-01,3,1503.750000,2005.000000
The Hills Shire,2020-10-01,2,920.000000,1380.000000
Parramatta,2020-10-01,12,987.846154,2082.333333
Bayside,2020-09-01,35,1199.523810,1209.714286
Penrith,2020-11-01,6,13284.058824,14288.500000
Liverpool,2020-12-01,5,2290.000000,2290.000000
Canada Bay,2020-08-01,5,5376.000000,4806.000000
Fairfield,2020-07-01,3,4707.500000,6061.333333
Mosman,2020-05-01,4,9622.200000,12027.750000
Hornsby,2021-01-01,3,4825.000000,4825.000000
Mosman,2021-04-01,7,6552.142857,5995.000000
Randwick,2020-10-01,1,4140.000000,4140.000000
Randwick,2020-12-01,1,1500.000000,1500.000000
Blacktown,2021-02-01,2,381.500000,763.000000
Campbelltown,2021-01-01,1,53730.000000,53730.000000
Canterbury-Bankstown,2020-05-01,1,4500.000000,4500.000000
Penrith,2020-06-01,5,459.652174,2114.400000
Blacktown,2020-09-01,4,946.800000,1183.500000
Cumberland,2020-10-01,1,3270.000000,3270.000000
The Hills Shire,2021-04-01,2,840.000000,840.000000
Blacktown,2020-07-01,1,5670.000000,5670.000000
Hunters Hill,2020-05-01,1,70760.000000,70760.000000
Bayside,2020-08-01,321,1102.077244,1301.672897
Sydney,2020-10-01,1355,3130.476782,1939.302583
Northern Beaches,2020-09-01,721,8176.225464,8791.467406
Inner West,2021-02-01,639,2973.500627,1917.737089
Woollahra,2020-08-01,285,5322.386707,3830.119298
Georges River,2020-12-01,120,2867.572368,2836.258333
Waverley,2021-01-01,681,5940.675497,3502.950073
Mosman,2020-07-01,99,9125.598214,8759.383838
Sutherland Shire,2020-07-01,56,2499.301587,2399.928571
Randwick,2020-10-01,171,5210.405714,3699.479532
Lane Cove,2020-05-01,87,6989.325843,4887.931034
Canada Bay,2020-12-01,138,3613.148387,2885.637681
Inner West,2021-01-01,446,4152.450106,2023.181614
Waverley,2021-04-01,756,6242.244048,3589.878307
Northern Beaches,2021-02-01,669,8167.075924,7926.669656
North Sydney,2020-11-01,666,3931.119369,2695.545045
Sydney,2020-08-01,2126,4186.584410,1184.990593
Northern Beaches,2020-12-01,541,11071.849862,10943.918669
Sydney,2021-01-01,179,3754.375546,3908.111732
Canterbury-Bankstown,2020-10-01,56,2179.677419,1445.714286
Strathfield,2020-09-01,64,940.423077,1118.250000
North Sydney,2021-01-01,56,3156.383333,3180.946429
North Sydney,2021-02-01,75,3968.768293,3129.186667
Strathfield,2020-11-01,90,1346.726496,1427.911111
Woollahra,2020-10-01,142,10841.679487,10130.507042
Mosman,2020-06-01,147,8870.807018,7255.224490
Bayside,2020-10-01,51,3238.653846,2415.686275
The Hills Shire,2020-06-01,5,6564.600000,6564.600000
Woollahra,2021-03-01,327,5792.716279,6506.792049
Georges River,2020-06-01,96,2775.728814,2022.770833
Bayside,2021-01-01,176,2599.024390,2204.261364
Ryde,2020-10-01,16,2238.176471,2153.062500
Lane Cove,2020-07-01,38,7299.152174,7779.710526
Georges River,2021-01-01,23,1102.185185,1228.869565
Mosman,2020-08-01,74,4808.759259,6543.729730
Northern Beaches,2020-09-01,50,7525.259259,8031.280000
Canterbury-Bankstown,2020-06-01,128,2608.783784,1398.281250
Northern Beaches,2020-10-01,4,27292.500000,27292.500000
Strathfield,2021-01-01,24,2854.307692,2949.666667
Sydney,2020-07-01,884,3739.397372,3071.496606
Georges River,2020-05-01,89,2712.722222,1932.741573
North Sydney,2020-09-01,399,5071.048055,2684.531328
Willoughby,2021-01-01,79,10881.593023,10253.506329
North Sydney,2020-08-01,194,2487.452297,2997.309278
Georges River,2020-12-01,85,2111.288288,2421.235294
Canterbury-Bankstown,2020-08-01,14,817.722222,952.785714
Willoughby,2021-01-01,63,4394.253521,4098.126984
Burwood,2021-03-01,15,2259.894737,2662.533333
Burwood,2020-07-01,43,2059.929825,1840.372093
North Sydney,2020-12-01,8,4485.000000,4485.000000
Hornsby,2020-09-01,3,3684.000000,6140.000000
Strathfield,2020-07-01,28,2600.294118,2446.071429
Willoughby,2020-10-01,23,3443.043478,3201.739130
Strathfield,2021-01-01,30,2616.000000,2877.600000
Burwood,2021-01-01,31,1940.738095,2265.935484
Cumberland,2020-07-01,38,1763.233766,3449.473684
Willoughby,2021-03-01,122,9960.000000,8882.704918
Hunters Hill,2020-09-01,16,7261.875000,6708.750000
Fairfield,2021-03-01,2,4475.666667,6713.500000
Canterbury-Bankstown,2020-10-01,81,1080.068966,1224.716049
Willoughby,2020-08-01,27,3891.363636,4645.000000
Waverley,2021-04-01,62,6033.419355,5511.806452
Sutherland Shire,2021-01-01,19,4847.368421,4359.473684
Inner West,2021-04-01,4,3477.250000,3477.250000
Sutherland Shire,2021-01-01,12,4731.416667,4731.416667
Penrith,2020-12-01,4,19715.714286,18186.500000
Hunters Hill,2020-09-01,1,6000.000000,6000.000000
Sutherland Shire,2020-09-01,12,4816.153846,5217.500000
Fairfield,2020-08-01,3,809.538462,3477.000000
Willoughby,2020-09-01,9,2595.400000,2883.777778
Mosman,2020-08-01,4,7461.666667,11192.500000
Cumberland,2020-08-01,7,830.571429,830.571429
Cumberland,2020-09-01,8,979.272727,1346.500000
Parramatta,2020-09-01,10,3244.615385,4218.000000
North Sydney,2020-07-01,4,4500.000000,4500.000000
Woollahra,2020-05-01,1,6810.000000,6810.000000
Blacktown,2021-02-01,3,791.333333,791.333333
Fairfield,2020-05-01,3,1031.916667,4127.666667
Blacktown,2020-10-01,1,1500.000000,1500.000000
Campbelltown,2020-11-01,2,2420.000000,3630.000000
Liverpool,2021-02-01,1,1650.000000,1650.000000
Sutherland Shire,2021-04-01,1,1884.000000,1884.000000
Fairfield,2020-07-01,1,874.111111,7867.000000
Willoughby,2021-04-01,1,5490.000000,5490.000000
Campbelltown,2020-09-01,1,6870.000000,6870.000000
Inner West,2021-03-01,1,6000.000000,6000.000000
Canterbury-Bankstown,2020-08-01,147,879.220096,959.755102
Canterbury-Bankstown,2020-12-01,153,1682.618421,1587.196078
Sydney,2021-02-01,511,4285.352234,2823.982387
Sydney,2020-09-01,1711,2442.154194,2124.661601
Sydney,2020-05-01,2947,4772.703450,1204.674584
North Sydney,2020-09-01,146,4431.149068,3462.431507
Waverley,2020-10-01,1008,6220.008643,3551.308532
Northern Beaches,2020-10-01,299,7765.980716,6329.361204
Randwick,2020-10-01,440,5251.255624,3103.286364
Randwick,2021-03-01,1055,5053.332779,1910.792417
Burwood,2020-09-01,20,1620.200000,1416.250000
Inner West,2020-07-01,494,3970.314815,1379.008097
North Sydney,2021-02-01,322,3378.915433,3330.795031
Inner West,2020-10-01,315,4004.954023,2921.314286
North Sydney,2021-01-01,225,4866.419608,3778.742222
Willoughby,2020-12-01,145,3778.153110,4618.303448
Randwick,2021-01-01,612,5024.739323,2699.866013
Randwick,2020-07-01,373,3048.855649,3299.075067
Sydney,2021-04-01,1177,4492.362637,2681.729822
Bayside,2020-05-01,320,2048.658065,2091.484375
Burwood,2020-08-01,40,834.418367,1589.600000
Inner West,2020-05-01,958,4466.200000,1230.836117
Bayside,2021-02-01,316,3317.023747,1511.588608
Canada Bay,2020-10-01,39,3417.230769,3278.769231
Inner West,2021-04-01,388,4004.546318,2489.739691
Northern Beaches,2021-03-01,112,11592.861538,11086.357143
Northern Beaches,2020-05-01,206,6522.431452,6185.223301
North Sydney,2021-03-01,242,2918.841689,3548.301653
Ryde,2020-07-01,28,3332.088235,3262.892857
Woollahra,2020-09-01,135,11538.366906,10359.133333
Inner West,2020-08-01,26,1865.346154,1755.730769
Burwood,2020-07-01,21,1189.823529,1832.428571
Sydney,2021-01-01,893,4889.636920,3296.092945
Waverley,2021-01-01,639,7214.253501,5127.084507
Inner West,2020-07-01,328,2858.613793,2859.847561
Randwick,2020-06-01,419,2635.882979,2723.128878
Canada Bay,2021-01-01,52,5801.690909,5744.769231
Randwick,2021-04-01,219,5167.855469,3738.771689
Penrith,2020-07-01,1,1500.000000,1500.000000
Mosman,2021-02-01,90,11468.661157,12775.644444
Canterbury-Bankstown,2020-09-01,155,954.192308,1061.483871
Bayside,2021-04-01,115,4241.250000,2192.608696
Woollahra,2021-03-01,52,7474.859649,7380.134615
Hunters Hill,2020-05-01,20,9262.500000,8949.000000
Strathfield,2020-12-01,34,1847.850000,1880.705882
Cumberland,2020-10-01,15,1829.052632,1956.800000
Northern Beaches,2020-09-01,627,9515.417120,4505.162679
Sydney,2020-06-01,306,3244.737430,2471.617647
Canterbury-Bankstown,2021-01-01,52,1842.322581,1783.538462
Canada Bay,2020-10-01,41,3400.790698,3263.756098
Canterbury-Bankstown,2021-02-01,35,2519.675676,2502.457143
Mosman,2020-07-01,101,12724.208054,15481.762376
Ryde,2021-04-01,15,3410.833333,4093.000000
Cumberland,2020-10-01,20,3044.285714,2746.500000
Hunters Hill,2020-05-01,20,3876.700000,3872.700000
Liverpool,2020-10-01,1,1650.000000,1650.000000
Fairfield,2020-10-01,2,716.571429,2508.000000
Penrith,2020-08-01,1,1500.000000,1500.000000
Liverpool,2021-01-01,2,4233.750000,8467.500000
Cumberland,2020-12-01,1,7680.000000,7680.000000
Inner West,2020-12-01,7,1997.142857,1825.714286
The Hills Shire,2021-01-01,3,2672.888889,5452.666667
Penrith,2021-03-01,6,11000.260870,16902.000000
Parramatta,2020-05-01,1,0.000000,0.000000
Parramatta,2020-10-01,5,2131.428571,2984.000000
Blacktown,2020-05-01,1,3770.000000,3770.000000
Liverpool,2021-03-01,1,4200.000000,4200.000000
Mosman,2021-04-01,1,4200.000000,4200.000000
Liverpool,2020-07-01,1,1650.000000,1650.000000
Woollahra,2021-04-01,3,15710.333333,15710.333333
North Sydney,2021-03-01,1,4830.000000,4830.000000
