LISTING_NEIGHBOURHOOD,SCRAPED_DATE,ACTIVE_LISTING_RATE,MIN_ACTIVE_LISTINGS,MAX_ACTIVE_LISTINGS,MEDIAN_ACTIVELISTINGS,AVERAGE_ACTIVELISTINGS,NUMBER_OF_DISTINCT_HOSTS,SUPERHOST_RATE,AVG_REVIEW_SCORES_RATING,PERCENTAGE_CHANGE_ACTIVE_LISTINGS,PERCENTAGE_CHANGE_INACTIVE_LISTINGS,NUMBER_OF_STAYS,AVG_ESTIMATED_REVENUE
Bayside,2020-05-01,99.977800,0,15367,80.000,109.502122,1445,13.633200,75.394396,,,71357834,2057.601409
Bayside,2020-06-01,99.977800,0,15367,80.000,109.502122,1445,13.633200,75.394396,0.000000,0.000000,71357834,2057.601409
Bayside,2020-07-01,99.977800,0,15367,80.000,109.502122,1445,13.633200,75.394396,0.000000,0.000000,71357834,2057.601409
Bayside,2020-08-01,99.977800,0,15367,80.000,109.502122,1445,13.633200,75.394396,0.000000,0.000000,71357834,2057.601409
Bayside,2020-09-01,99.977800,0,15367,80.000,109.502122,1445,13.633200,75.394396,0.000000,0.000000,71357834,2057.601409
Bayside,2020-10-01,99.977800,0,15367,80.000,109.502122,1445,13.633200,75.394396,0.000000,0.000000,71357834,2057.601409
Bayside,2020-11-01,99.977800,0,15367,80.000,109.502122,1445,13.633200,75.394396,0.000000,0.000000,71357834,2057.601409
Bayside,2020-12-01,99.968200,15,2904,80.000,111.755604,1164,13.573900,75.110989,-89.815900,-85.411500,7245337,2073.581740
Bayside,2021-01-01,99.970200,15,2904,79.000,111.851725,1163,13.413600,75.295790,-0.614900,-6.837600,7151439,2089.283722
Bayside,2021-02-01,99.977800,0,15367,80.000,109.502122,1445,13.633200,75.394396,887.997800,635.779800,71357834,2057.601409
Bayside,2021-03-01,99.977800,0,15367,80.000,109.502122,1445,13.633200,75.394396,0.000000,0.000000,71357834,2057.601409
Bayside,2021-04-01,99.977800,0,15367,80.000,109.502122,1445,13.633200,75.394396,0.000000,0.000000,71357834,2057.601409
Blacktown,2020-05-01,99.284300,18,2164,65.000,87.927644,289,15.224900,76.257356,-80.641200,527.680800,9686962,1304.216406
Blacktown,2020-06-01,99.284300,18,2164,65.000,87.927644,289,15.224900,76.257356,0.000000,0.000000,9686962,1304.216406
Blacktown,2020-07-01,99.284300,18,2164,65.000,87.927644,289,15.224900,76.257356,0.000000,0.000000,9686962,1304.216406
Blacktown,2020-08-01,99.284300,18,2164,65.000,87.927644,289,15.224900,76.257356,0.000000,0.000000,9686962,1304.216406
Blacktown,2020-09-01,99.284300,18,2164,65.000,87.927644,289,15.224900,76.257356,0.000000,0.000000,9686962,1304.216406
Blacktown,2020-10-01,99.284300,18,2164,65.000,87.927644,289,15.224900,76.257356,0.000000,0.000000,9686962,1304.216406
Blacktown,2020-11-01,99.284300,18,2164,65.000,87.927644,289,15.224900,76.257356,0.000000,0.000000,9686962,1304.216406
Blacktown,2020-12-01,99.059900,22,2000,65.000,85.993415,219,16.438400,76.180466,-89.845600,-86.630900,957652,1250.686465
Blacktown,2021-01-01,99.424200,22,2228,68.000,86.147837,215,16.744200,75.945947,6.155300,-35.215500,1044457,1284.895535
Blacktown,2021-02-01,99.284300,18,2164,65.000,87.927644,289,15.224900,76.257356,827.687700,1054.587200,9686962,1304.216406
Blacktown,2021-03-01,99.284300,18,2164,65.000,87.927644,289,15.224900,76.257356,0.000000,0.000000,9686962,1304.216406
Blacktown,2021-04-01,99.284300,18,2164,65.000,87.927644,289,15.224900,76.257356,0.000000,0.000000,9686962,1304.216406
Burwood,2020-05-01,100.000000,14,2711,68.000,110.279190,215,15.348800,75.531173,-8.028400,-100.000000,10242930,1710.746755
Burwood,2020-06-01,100.000000,14,2711,68.000,110.279190,215,15.348800,75.531173,0.000000,,10242930,1710.746755
Burwood,2020-07-01,100.000000,14,2711,68.000,110.279190,215,15.348800,75.531173,0.000000,,10242930,1710.746755
Burwood,2020-08-01,100.000000,14,2711,68.000,110.279190,215,15.348800,75.531173,0.000000,,10242930,1710.746755
Burwood,2020-09-01,100.000000,14,2711,68.000,110.279190,215,15.348800,75.531173,0.000000,,10242930,1710.746755
Burwood,2020-10-01,100.000000,14,2711,68.000,110.279190,215,15.348800,75.531173,0.000000,,10242930,1710.746755
Burwood,2020-11-01,100.000000,14,2711,68.000,110.279190,215,15.348800,75.531173,0.000000,,10242930,1710.746755
Burwood,2020-12-01,100.000000,16,530,75.000,115.858169,168,13.690500,75.028051,-89.534100,,1024197,1584.117582
Burwood,2021-01-01,100.000000,16,530,79.000,115.240499,166,13.855400,74.908488,0.404600,,1054553,1627.351296
Burwood,2021-02-01,100.000000,14,2711,68.000,110.279190,215,15.348800,75.531173,851.635000,,10242930,1710.746755
Burwood,2021-03-01,100.000000,14,2711,68.000,110.279190,215,15.348800,75.531173,0.000000,,10242930,1710.746755
Burwood,2021-04-01,100.000000,14,2711,68.000,110.279190,215,15.348800,75.531173,0.000000,,10242930,1710.746755
Camden,2020-05-01,100.000000,31,2157,99.000,130.571780,52,38.461500,76.155682,-74.523700,,2143793,1681.541334
Camden,2020-06-01,100.000000,31,2157,99.000,130.571780,52,38.461500,76.155682,0.000000,,2143793,1681.541334
Camden,2020-07-01,100.000000,31,2157,99.000,130.571780,52,38.461500,76.155682,0.000000,,2143793,1681.541334
Camden,2020-08-01,100.000000,31,2157,99.000,130.571780,52,38.461500,76.155682,0.000000,,2143793,1681.541334
Camden,2020-09-01,100.000000,31,2157,99.000,130.571780,52,38.461500,76.155682,0.000000,,2143793,1681.541334
Camden,2020-10-01,100.000000,31,2157,99.000,130.571780,52,38.461500,76.155682,0.000000,,2143793,1681.541334
Camden,2020-11-01,100.000000,31,2157,99.000,130.571780,52,38.461500,76.155682,0.000000,,2143793,1681.541334
Camden,2020-12-01,100.000000,35,472,105.000,161.991786,44,43.181800,77.238724,-90.328200,,200977,1917.019019
Camden,2021-01-01,100.000000,35,448,111.000,150.866681,44,40.909100,75.485104,20.763300,,249714,1830.229489
Camden,2021-02-01,100.000000,31,2157,99.000,130.571780,52,38.461500,76.155682,756.168900,,2143793,1681.541334
Camden,2021-03-01,100.000000,31,2157,99.000,130.571780,52,38.461500,76.155682,0.000000,,2143793,1681.541334
Camden,2021-04-01,100.000000,31,2157,99.000,130.571780,52,38.461500,76.155682,0.000000,,2143793,1681.541334
Campbelltown,2020-05-01,99.987200,20,10000,83.000,122.269049,91,28.571400,74.770855,100.639200,,5005631,1557.726540
Campbelltown,2020-06-01,99.987200,20,10000,83.000,122.269049,91,28.571400,74.770855,0.000000,0.000000,5005631,1557.726540
Campbelltown,2020-07-01,99.987200,20,10000,83.000,122.269049,91,28.571400,74.770855,0.000000,0.000000,5005631,1557.726540
Campbelltown,2020-08-01,99.987200,20,10000,83.000,122.269049,91,28.571400,74.770855,0.000000,0.000000,5005631,1557.726540
Campbelltown,2020-09-01,99.987200,20,10000,83.000,122.269049,91,28.571400,74.770855,0.000000,0.000000,5005631,1557.726540
Campbelltown,2020-10-01,99.987200,20,10000,83.000,122.269049,91,28.571400,74.770855,0.000000,0.000000,5005631,1557.726540
Campbelltown,2020-11-01,99.987200,20,10000,83.000,122.269049,91,28.571400,74.770855,0.000000,0.000000,5005631,1557.726540
Campbelltown,2020-12-01,99.991100,24,2243,85.000,135.635658,71,29.577500,75.020038,-89.676200,-92.857100,535262,1801.606007
Campbelltown,2021-01-01,99.981800,21,8000,83.000,123.806439,71,29.577500,75.454299,-2.767500,100.000000,520510,1625.700267
Campbelltown,2021-02-01,99.987200,20,10000,83.000,122.269049,91,28.571400,74.770855,896.201000,600.000000,5005631,1557.726540
Campbelltown,2021-03-01,99.987200,20,10000,83.000,122.269049,91,28.571400,74.770855,0.000000,0.000000,5005631,1557.726540
Campbelltown,2021-04-01,99.987200,20,10000,83.000,122.269049,91,28.571400,74.770855,0.000000,0.000000,5005631,1557.726540
Canada Bay,2020-05-01,99.992900,21,3300,110.000,146.658799,447,12.975400,76.005114,149.776100,38.095200,15740364,2716.107800
Canada Bay,2020-06-01,99.992900,21,3300,110.000,146.658799,447,12.975400,76.005114,0.000000,0.000000,15740364,2716.107800
Canada Bay,2020-07-01,99.992900,21,3300,110.000,146.658799,447,12.975400,76.005114,0.000000,0.000000,15740364,2716.107800
Canada Bay,2020-08-01,99.992900,21,3300,110.000,146.658799,447,12.975400,76.005114,0.000000,0.000000,15740364,2716.107800
Canada Bay,2020-09-01,99.992900,21,3300,110.000,146.658799,447,12.975400,76.005114,0.000000,0.000000,15740364,2716.107800
Canada Bay,2020-10-01,99.992900,21,3300,110.000,146.658799,447,12.975400,76.005114,0.000000,0.000000,15740364,2716.107800
Canada Bay,2020-11-01,99.992900,21,3300,110.000,146.658799,447,12.975400,76.005114,0.000000,0.000000,15740364,2716.107800
Canada Bay,2020-12-01,99.993900,21,3300,112.000,148.168165,332,11.445800,75.956378,-90.019000,-91.379300,1568342,2731.672393
Canada Bay,2021-01-01,99.990500,21,3586,110.000,141.112667,337,11.276000,75.972739,2.640300,60.000000,1599111,2647.734005
Canada Bay,2021-02-01,99.992900,21,3300,110.000,146.658799,447,12.975400,76.005114,876.127600,625.000000,15740364,2716.107800
Canada Bay,2021-03-01,99.992900,21,3300,110.000,146.658799,447,12.975400,76.005114,0.000000,0.000000,15740364,2716.107800
Canada Bay,2021-04-01,99.992900,21,3300,110.000,146.658799,447,12.975400,76.005114,0.000000,0.000000,15740364,2716.107800
Canterbury-Bankstown,2020-05-01,99.954900,12,2261,88.000,98.907720,576,13.194400,75.377485,89.767500,1110.344800,28596175,1840.497776
Canterbury-Bankstown,2020-06-01,99.954900,12,2261,88.000,98.907720,576,13.194400,75.377485,0.000000,0.000000,28596175,1840.497776
Canterbury-Bankstown,2020-07-01,99.954900,12,2261,88.000,98.907720,576,13.194400,75.377485,0.000000,0.000000,28596175,1840.497776
Canterbury-Bankstown,2020-08-01,99.954900,12,2261,88.000,98.907720,576,13.194400,75.377485,0.000000,0.000000,28596175,1840.497776
Canterbury-Bankstown,2020-09-01,99.954900,12,2261,88.000,98.907720,576,13.194400,75.377485,0.000000,0.000000,28596175,1840.497776
Canterbury-Bankstown,2020-10-01,99.954900,12,2261,88.000,98.907720,576,13.194400,75.377485,0.000000,0.000000,28596175,1840.497776
Canterbury-Bankstown,2020-11-01,99.954900,12,2261,88.000,98.907720,576,13.194400,75.377485,0.000000,0.000000,28596175,1840.497776
Canterbury-Bankstown,2020-12-01,99.952800,13,900,88.000,105.572742,469,13.432800,75.581351,-90.075800,-89.601100,2869232,1954.108420
Canterbury-Bankstown,2021-01-01,99.959200,13,893,90.000,99.052982,464,13.362100,75.661307,-1.763200,-15.068500,2799162,1837.969706
Canterbury-Bankstown,2021-02-01,99.954900,12,2261,88.000,98.907720,576,13.194400,75.377485,925.726200,1032.258100,28596175,1840.497776
Canterbury-Bankstown,2021-03-01,99.954900,12,2261,88.000,98.907720,576,13.194400,75.377485,0.000000,0.000000,28596175,1840.497776
Canterbury-Bankstown,2021-04-01,99.954900,12,2261,88.000,98.907720,576,13.194400,75.377485,0.000000,0.000000,28596175,1840.497776
Cumberland,2020-05-01,99.948000,14,15000,100.000,177.284056,512,18.945300,75.181611,-14.670300,-1.567000,27060462,3954.100414
Cumberland,2020-06-01,99.948000,14,15000,100.000,177.284056,512,18.945300,75.181611,0.000000,0.000000,27060462,3954.100414
Cumberland,2020-07-01,99.948000,14,15000,100.000,177.284056,512,18.945300,75.181611,0.000000,0.000000,27060462,3954.100414
Cumberland,2020-08-01,99.948000,14,15000,100.000,177.284056,512,18.945300,75.181611,0.000000,0.000000,27060462,3954.100414
Cumberland,2020-09-01,99.948000,14,15000,100.000,177.284056,512,18.945300,75.181611,0.000000,0.000000,27060462,3954.100414
Cumberland,2020-10-01,99.948000,14,15000,100.000,177.284056,512,18.945300,75.181611,0.000000,0.000000,27060462,3954.100414
Cumberland,2020-11-01,99.948000,14,15000,100.000,177.284056,512,18.945300,75.181611,0.000000,0.000000,27060462,3954.100414
Cumberland,2020-12-01,99.965900,15,15000,100.000,179.913505,366,17.486300,74.942706,-90.076100,-93.487700,2642093,3979.931991
Cumberland,2021-01-01,99.942800,15,15000,100.000,160.721061,364,17.857100,74.971410,-0.629900,66.666700,2604822,3504.204122
Cumberland,2021-02-01,99.948000,14,15000,100.000,177.284056,512,18.945300,75.181611,914.056900,821.333300,27060462,3954.100414
Cumberland,2021-03-01,99.948000,14,15000,100.000,177.284056,512,18.945300,75.181611,0.000000,0.000000,27060462,3954.100414
Cumberland,2021-04-01,99.948000,14,15000,100.000,177.284056,512,18.945300,75.181611,0.000000,0.000000,27060462,3954.100414
Fairfield,2020-05-01,99.977500,17,2164,80.000,95.126960,75,13.333300,73.601432,-75.882900,-89.580300,4988378,1427.503174
Fairfield,2020-06-01,99.977500,17,2164,80.000,95.126960,75,13.333300,73.601432,0.000000,0.000000,4988378,1427.503174
Fairfield,2020-07-01,99.977500,17,2164,80.000,95.126960,75,13.333300,73.601432,0.000000,0.000000,4988378,1427.503174
Fairfield,2020-08-01,99.977500,17,2164,80.000,95.126960,75,13.333300,73.601432,0.000000,0.000000,4988378,1427.503174
Fairfield,2020-09-01,99.977500,17,2164,80.000,95.126960,75,13.333300,73.601432,0.000000,0.000000,4988378,1427.503174
Fairfield,2020-10-01,99.977500,17,2164,80.000,95.126960,75,13.333300,73.601432,0.000000,0.000000,4988378,1427.503174
Fairfield,2020-11-01,99.977500,17,2164,80.000,95.126960,75,13.333300,73.601432,0.000000,0.000000,4988378,1427.503174
Fairfield,2020-12-01,99.979400,20,1429,80.000,126.079403,57,17.543900,73.818861,-90.903800,-91.666700,448830,1777.965843
Fairfield,2021-01-01,99.979500,15,840,84.000,104.355715,55,16.363600,73.764816,0.260900,0.000000,471242,1540.560227
Fairfield,2021-02-01,99.977500,17,2164,80.000,95.126960,75,13.333300,73.601432,996.497300,1100.000000,4988378,1427.503174
Fairfield,2021-03-01,99.977500,17,2164,80.000,95.126960,75,13.333300,73.601432,0.000000,0.000000,4988378,1427.503174
Fairfield,2021-04-01,99.977500,17,2164,80.000,95.126960,75,13.333300,73.601432,0.000000,0.000000,4988378,1427.503174
Georges River,2020-05-01,99.738600,0,3500,79.000,120.753134,371,15.903000,75.284863,232.739200,3779.166700,18940321,1980.644286
Georges River,2020-06-01,99.738600,0,3500,79.000,120.753134,371,15.903000,75.284863,0.000000,0.000000,18940321,1980.644286
Georges River,2020-07-01,99.738600,0,3500,79.000,120.753134,371,15.903000,75.284863,0.000000,0.000000,18940321,1980.644286
Georges River,2020-08-01,99.738600,0,3500,79.000,120.753134,371,15.903000,75.284863,0.000000,0.000000,18940321,1980.644286
Georges River,2020-09-01,99.738600,0,3500,79.000,120.753134,371,15.903000,75.284863,0.000000,0.000000,18940321,1980.644286
Georges River,2020-10-01,99.738600,0,3500,79.000,120.753134,371,15.903000,75.284863,0.000000,0.000000,18940321,1980.644286
Georges River,2020-11-01,99.738600,0,3500,79.000,120.753134,371,15.903000,75.284863,0.000000,0.000000,18940321,1980.644286
Georges River,2020-12-01,99.769800,21,1850,75.000,119.595096,305,16.393400,75.223952,-89.382000,-90.655200,2022184,1901.316007
Georges River,2021-01-01,99.768500,21,1807,75.000,123.007577,302,15.894000,74.928519,-0.969600,-0.383100,1905854,1847.991637
Georges River,2021-02-01,99.738600,0,3500,79.000,120.753134,371,15.903000,75.284863,851.014800,974.230800,18940321,1980.644286
Georges River,2021-03-01,99.738600,0,3500,79.000,120.753134,371,15.903000,75.284863,0.000000,0.000000,18940321,1980.644286
Georges River,2021-04-01,99.738600,0,3500,79.000,120.753134,371,15.903000,75.284863,0.000000,0.000000,18940321,1980.644286
Hornsby,2020-05-01,99.845400,20,5000,99.000,156.654318,438,28.310500,75.933394,18.844800,-29.788800,23406438,2840.516578
Hornsby,2020-06-01,99.845400,20,5000,99.000,156.654318,438,28.310500,75.933394,0.000000,0.000000,23406438,2840.516578
Hornsby,2020-07-01,99.845400,20,5000,99.000,156.654318,438,28.310500,75.933394,0.000000,0.000000,23406438,2840.516578
Hornsby,2020-08-01,99.845400,20,5000,99.000,156.654318,438,28.310500,75.933394,0.000000,0.000000,23406438,2840.516578
Hornsby,2020-09-01,99.845400,20,5000,99.000,156.654318,438,28.310500,75.933394,0.000000,0.000000,23406438,2840.516578
Hornsby,2020-10-01,99.845400,20,5000,99.000,156.654318,438,28.310500,75.933394,0.000000,0.000000,23406438,2840.516578
Hornsby,2020-11-01,99.845400,20,5000,99.000,156.654318,438,28.310500,75.933394,0.000000,0.000000,23406438,2840.516578
Hornsby,2020-12-01,99.854000,20,1466,101.000,175.889172,340,32.352900,76.103693,-89.793400,-90.362100,2435967,3227.709193
Hornsby,2021-01-01,99.877500,20,1466,100.000,181.726951,339,33.038300,76.011047,-0.945400,-16.931200,2397997,3312.283054
Hornsby,2021-02-01,99.845400,20,5000,99.000,156.654318,438,28.310500,75.933394,889.111300,1149.044600,23406438,2840.516578
Hornsby,2021-03-01,99.845400,20,5000,99.000,156.654318,438,28.310500,75.933394,0.000000,0.000000,23406438,2840.516578
Hornsby,2021-04-01,99.845400,20,5000,99.000,156.654318,438,28.310500,75.933394,0.000000,0.000000,23406438,2840.516578
Hunters Hill,2020-05-01,100.000000,30,2711,140.000,301.710758,74,9.459500,76.855948,-91.707400,-100.000000,1991032,5475.364744
Hunters Hill,2020-06-01,100.000000,30,2711,140.000,301.710758,74,9.459500,76.855948,0.000000,,1991032,5475.364744
Hunters Hill,2020-07-01,100.000000,30,2711,140.000,301.710758,74,9.459500,76.855948,0.000000,,1991032,5475.364744
Hunters Hill,2020-08-01,100.000000,30,2711,140.000,301.710758,74,9.459500,76.855948,0.000000,,1991032,5475.364744
Hunters Hill,2020-09-01,100.000000,30,2711,140.000,301.710758,74,9.459500,76.855948,0.000000,,1991032,5475.364744
Hunters Hill,2020-10-01,100.000000,30,2711,140.000,301.710758,74,9.459500,76.855948,0.000000,,1991032,5475.364744
Hunters Hill,2020-11-01,100.000000,30,2711,140.000,301.710758,74,9.459500,76.855948,0.000000,,1991032,5475.364744
Hunters Hill,2020-12-01,100.000000,30,1000,140.000,256.891334,52,11.538500,75.956627,-89.615900,,200660,4493.930032
Hunters Hill,2021-01-01,100.000000,30,1200,155.000,288.156784,52,9.615400,76.071429,-1.797300,,206188,5130.241946
Hunters Hill,2021-02-01,100.000000,30,2711,140.000,301.710758,74,9.459500,76.855948,880.633100,,1991032,5475.364744
Hunters Hill,2021-03-01,100.000000,30,2711,140.000,301.710758,74,9.459500,76.855948,0.000000,,1991032,5475.364744
Hunters Hill,2021-04-01,100.000000,30,2711,140.000,301.710758,74,9.459500,76.855948,0.000000,,1991032,5475.364744
Inner West,2020-05-01,99.969600,14,9022,100.000,148.676842,2309,15.547900,76.049465,5314.484500,,120893016,3067.640694
Inner West,2020-06-01,99.969600,14,9022,100.000,148.676842,2309,15.547900,76.049465,0.000000,0.000000,120893016,3067.640694
Inner West,2020-07-01,99.969600,14,9022,100.000,148.676842,2309,15.547900,76.049465,0.000000,0.000000,120893016,3067.640694
Inner West,2020-08-01,99.969600,14,9022,100.000,148.676842,2309,15.547900,76.049465,0.000000,0.000000,120893016,3067.640694
Inner West,2020-09-01,99.969600,14,9022,100.000,148.676842,2309,15.547900,76.049465,0.000000,0.000000,120893016,3067.640694
Inner West,2020-10-01,99.969600,14,9022,100.000,148.676842,2309,15.547900,76.049465,0.000000,0.000000,120893016,3067.640694
Inner West,2020-11-01,99.969600,14,9022,100.000,148.676842,2309,15.547900,76.049465,0.000000,0.000000,120893016,3067.640694
Inner West,2020-12-01,99.973200,17,9021,100.000,145.413802,1908,14.937100,76.009218,-89.971900,-91.161200,12173056,3035.783965
Inner West,2021-01-01,99.967700,17,9021,99.000,143.256069,1881,14.992000,75.773900,2.044700,22.875800,12371533,2998.338340
Inner West,2021-02-01,99.969600,14,9022,100.000,148.676842,2309,15.547900,76.049465,877.220500,820.744700,120893016,3067.640694
Inner West,2021-03-01,99.969600,14,9022,100.000,148.676842,2309,15.547900,76.049465,0.000000,0.000000,120893016,3067.640694
Inner West,2021-04-01,99.969600,14,9022,100.000,148.676842,2309,15.547900,76.049465,0.000000,0.000000,120893016,3067.640694
Lane Cove,2020-05-01,99.998200,25,3000,99.000,158.706061,303,11.221100,75.686640,-87.043500,-99.249000,13041311,3078.473602
Lane Cove,2020-06-01,99.998200,25,3000,99.000,158.706061,303,11.221100,75.686640,0.000000,0.000000,13041311,3078.473602
Lane Cove,2020-07-01,99.998200,25,3000,99.000,158.706061,303,11.221100,75.686640,0.000000,0.000000,13041311,3078.473602
Lane Cove,2020-08-01,99.998200,25,3000,99.000,158.706061,303,11.221100,75.686640,0.000000,0.000000,13041311,3078.473602
Lane Cove,2020-09-01,99.998200,25,3000,99.000,158.706061,303,11.221100,75.686640,0.000000,0.000000,13041311,3078.473602
Lane Cove,2020-10-01,99.998200,25,3000,99.000,158.706061,303,11.221100,75.686640,0.000000,0.000000,13041311,3078.473602
Lane Cove,2020-11-01,99.998200,25,3000,99.000,158.706061,303,11.221100,75.686640,0.000000,0.000000,13041311,3078.473602
Lane Cove,2020-12-01,99.998600,25,2750,105.000,162.743755,246,11.788600,76.322186,-90.332700,-92.307700,1279113,3272.304966
Lane Cove,2021-01-01,99.997200,25,2200,99.000,156.576442,243,11.111100,76.278260,-0.584100,100.000000,1274579,3025.191696
Lane Cove,2021-02-01,99.998200,25,3000,99.000,158.706061,303,11.221100,75.686640,940.487300,550.000000,13041311,3078.473602
Lane Cove,2021-03-01,99.998200,25,3000,99.000,158.706061,303,11.221100,75.686640,0.000000,0.000000,13041311,3078.473602
Lane Cove,2021-04-01,99.998200,25,3000,99.000,158.706061,303,11.221100,75.686640,0.000000,0.000000,13041311,3078.473602
Liverpool,2020-05-01,100.000000,14,9999,115.000,135.213062,141,20.567400,74.956553,-44.702800,-100.000000,6290031,1991.288629
Liverpool,2020-06-01,100.000000,14,9999,115.000,135.213062,141,20.567400,74.956553,0.000000,,6290031,1991.288629
Liverpool,2020-07-01,100.000000,14,9999,115.000,135.213062,141,20.567400,74.956553,0.000000,,6290031,1991.288629
Liverpool,2020-08-01,100.000000,14,9999,115.000,135.213062,141,20.567400,74.956553,0.000000,,6290031,1991.288629
Liverpool,2020-09-01,100.000000,14,9999,115.000,135.213062,141,20.567400,74.956553,0.000000,,6290031,1991.288629
Liverpool,2020-10-01,100.000000,14,9999,115.000,135.213062,141,20.567400,74.956553,0.000000,,6290031,1991.288629
Liverpool,2020-11-01,100.000000,14,9999,115.000,135.213062,141,20.567400,74.956553,0.000000,,6290031,1991.288629
Liverpool,2020-12-01,100.000000,24,503,120.000,133.861401,107,21.495300,75.093389,-90.430900,,606114,1986.983403
Liverpool,2021-01-01,100.000000,24,750,99.000,128.188510,108,19.444400,75.132505,3.637500,,632202,2030.603203
Liverpool,2021-02-01,100.000000,14,9999,115.000,135.213062,141,20.567400,74.956553,908.351300,,6290031,1991.288629
Liverpool,2021-03-01,100.000000,14,9999,115.000,135.213062,141,20.567400,74.956553,0.000000,,6290031,1991.288629
Liverpool,2021-04-01,100.000000,14,9999,115.000,135.213062,141,20.567400,74.956553,0.000000,,6290031,1991.288629
Mosman,2020-05-01,99.965000,30,15309,158.000,298.781329,424,16.037700,76.192317,170.718300,,22885986,5965.525442
Mosman,2020-06-01,99.965000,30,15309,158.000,298.781329,424,16.037700,76.192317,0.000000,0.000000,22885986,5965.525442
Mosman,2020-07-01,99.965000,30,15309,158.000,298.781329,424,16.037700,76.192317,0.000000,0.000000,22885986,5965.525442
Mosman,2020-08-01,99.965000,30,15309,158.000,298.781329,424,16.037700,76.192317,0.000000,0.000000,22885986,5965.525442
Mosman,2020-09-01,99.965000,30,15309,158.000,298.781329,424,16.037700,76.192317,0.000000,0.000000,22885986,5965.525442
Mosman,2020-10-01,99.965000,30,15309,158.000,298.781329,424,16.037700,76.192317,0.000000,0.000000,22885986,5965.525442
Mosman,2020-11-01,99.965000,30,15309,158.000,298.781329,424,16.037700,76.192317,0.000000,0.000000,22885986,5965.525442
Mosman,2020-12-01,99.966200,30,8230,180.000,332.918540,342,15.204700,76.122096,-90.081200,-90.414500,2273538,6812.372709
Mosman,2021-01-01,99.976300,30,8230,169.000,319.641640,344,15.116300,76.147779,0.447900,-29.729700,2269208,6594.979942
Mosman,2021-02-01,99.965000,30,15309,158.000,298.781329,424,16.037700,76.192317,903.688500,1384.615400,22885986,5965.525442
Mosman,2021-03-01,99.965000,30,15309,158.000,298.781329,424,16.037700,76.192317,0.000000,0.000000,22885986,5965.525442
Mosman,2021-04-01,99.965000,30,15309,158.000,298.781329,424,16.037700,76.192317,0.000000,0.000000,22885986,5965.525442
North Sydney,2020-05-01,99.970900,19,14589,130.000,170.675358,1210,16.694200,76.409168,167.304600,122.279800,60780290,3337.424721
North Sydney,2020-06-01,99.970900,19,14589,130.000,170.675358,1210,16.694200,76.409168,0.000000,0.000000,60780290,3337.424721
North Sydney,2020-07-01,99.970900,19,14589,130.000,170.675358,1210,16.694200,76.409168,0.000000,0.000000,60780290,3337.424721
North Sydney,2020-08-01,99.970900,19,14589,130.000,170.675358,1210,16.694200,76.409168,0.000000,0.000000,60780290,3337.424721
North Sydney,2020-09-01,99.970900,19,14589,130.000,170.675358,1210,16.694200,76.409168,0.000000,0.000000,60780290,3337.424721
North Sydney,2020-10-01,99.970900,19,14589,130.000,170.675358,1210,16.694200,76.409168,0.000000,0.000000,60780290,3337.424721
North Sydney,2020-11-01,99.970900,19,14589,130.000,170.675358,1210,16.694200,76.409168,0.000000,0.000000,60780290,3337.424721
North Sydney,2020-12-01,99.971400,26,14589,135.000,176.709275,950,16.421100,76.443262,-89.925400,-90.093200,6126873,3491.639804
North Sydney,2021-01-01,99.974200,26,14589,130.000,174.613705,938,16.524500,76.363866,0.613500,-9.411800,6168323,3433.208824
North Sydney,2021-02-01,99.970900,19,14589,130.000,170.675358,1210,16.694200,76.409168,886.545100,1014.285700,60780290,3337.424721
North Sydney,2021-03-01,99.970900,19,14589,130.000,170.675358,1210,16.694200,76.409168,0.000000,0.000000,60780290,3337.424721
North Sydney,2021-04-01,99.970900,19,14589,130.000,170.675358,1210,16.694200,76.409168,0.000000,0.000000,60780290,3337.424721
Northern Beaches,2020-05-01,99.978300,1,10000,178.000,287.889718,4877,16.485500,76.426836,274.975400,179.953400,229392304,5837.976389
Northern Beaches,2020-06-01,99.978300,1,10000,178.000,287.889718,4877,16.485500,76.426836,0.000000,0.000000,229392304,5837.976389
Northern Beaches,2020-07-01,99.978300,1,10000,178.000,287.889718,4877,16.485500,76.426836,0.000000,0.000000,229392304,5837.976389
Northern Beaches,2020-08-01,99.978300,1,10000,178.000,287.889718,4877,16.485500,76.426836,0.000000,0.000000,229392304,5837.976389
Northern Beaches,2020-09-01,99.978300,1,10000,178.000,287.889718,4877,16.485500,76.426836,0.000000,0.000000,229392304,5837.976389
Northern Beaches,2020-10-01,99.978300,1,10000,178.000,287.889718,4877,16.485500,76.426836,0.000000,0.000000,229392304,5837.976389
Northern Beaches,2020-11-01,99.978300,1,10000,178.000,287.889718,4877,16.485500,76.426836,0.000000,0.000000,229392304,5837.976389
Northern Beaches,2020-12-01,99.977600,20,10000,199.000,332.277664,3993,17.330300,76.287274,-89.733100,-89.425500,23617018,6611.841856
Northern Beaches,2021-01-01,99.978000,20,10000,195.000,329.750447,3937,17.272000,76.365156,-0.835600,-2.362200,23378347,6578.748812
Northern Beaches,2021-02-01,99.978300,1,10000,178.000,287.889718,4877,16.485500,76.426836,882.214100,868.548400,229392304,5837.976389
Northern Beaches,2021-03-01,99.978300,1,10000,178.000,287.889718,4877,16.485500,76.426836,0.000000,0.000000,229392304,5837.976389
Northern Beaches,2021-04-01,99.978300,1,10000,178.000,287.889718,4877,16.485500,76.426836,0.000000,0.000000,229392304,5837.976389
Parramatta,2020-05-01,99.728900,14,3000,85.000,105.827140,549,15.847000,75.348933,-88.105300,48.792700,24013012,1797.488662
Parramatta,2020-06-01,99.728900,14,3000,85.000,105.827140,549,15.847000,75.348933,0.000000,0.000000,24013012,1797.488662
Parramatta,2020-07-01,99.728900,14,3000,85.000,105.827140,549,15.847000,75.348933,0.000000,0.000000,24013012,1797.488662
Parramatta,2020-08-01,99.728900,14,3000,85.000,105.827140,549,15.847000,75.348933,0.000000,0.000000,24013012,1797.488662
Parramatta,2020-09-01,99.728900,14,3000,85.000,105.827140,549,15.847000,75.348933,0.000000,0.000000,24013012,1797.488662
Parramatta,2020-10-01,99.728900,14,3000,85.000,105.827140,549,15.847000,75.348933,0.000000,0.000000,24013012,1797.488662
Parramatta,2020-11-01,99.728900,14,3000,85.000,105.827140,549,15.847000,75.348933,0.000000,0.000000,24013012,1797.488662
Parramatta,2020-12-01,99.724800,20,3000,85.000,107.791332,425,16.235300,75.487021,-89.968400,-89.815300,2431150,1815.854431
Parramatta,2021-01-01,99.729900,20,3000,80.000,105.412144,428,16.121500,75.115851,5.255400,3.296700,2533176,1762.531631
Parramatta,2021-02-01,99.728900,14,3000,85.000,105.827140,549,15.847000,75.348933,847.078900,850.531900,24013012,1797.488662
Parramatta,2021-03-01,99.728900,14,3000,85.000,105.827140,549,15.847000,75.348933,0.000000,0.000000,24013012,1797.488662
Parramatta,2021-04-01,99.728900,14,3000,85.000,105.827140,549,15.847000,75.348933,0.000000,0.000000,24013012,1797.488662
Penrith,2020-05-01,99.988000,24,2399,105.000,144.744757,153,31.372500,74.907971,-57.583600,-98.125300,8406504,1928.429576
Penrith,2020-06-01,99.988000,24,2399,105.000,144.744757,153,31.372500,74.907971,0.000000,0.000000,8406504,1928.429576
Penrith,2020-07-01,99.988000,24,2399,105.000,144.744757,153,31.372500,74.907971,0.000000,0.000000,8406504,1928.429576
Penrith,2020-08-01,99.988000,24,2399,105.000,144.744757,153,31.372500,74.907971,0.000000,0.000000,8406504,1928.429576
Penrith,2020-09-01,99.988000,24,2399,105.000,144.744757,153,31.372500,74.907971,0.000000,0.000000,8406504,1928.429576
Penrith,2020-10-01,99.988000,24,2399,105.000,144.744757,153,31.372500,74.907971,0.000000,0.000000,8406504,1928.429576
Penrith,2020-11-01,99.988000,24,2399,105.000,144.744757,153,31.372500,74.907971,0.000000,0.000000,8406504,1928.429576
Penrith,2020-12-01,99.991400,24,2172,109.000,150.383290,108,34.259300,74.756112,-89.572400,-92.537300,872817,2020.843888
Penrith,2021-01-01,99.986000,24,1795,109.000,140.881645,110,33.636400,75.234401,-1.440900,60.000000,873697,2002.432614
Penrith,2021-02-01,99.988000,24,2399,105.000,144.744757,153,31.372500,74.907971,873.017700,737.500000,8406504,1928.429576
Penrith,2021-03-01,99.988000,24,2399,105.000,144.744757,153,31.372500,74.907971,0.000000,0.000000,8406504,1928.429576
Penrith,2021-04-01,99.988000,24,2399,105.000,144.744757,153,31.372500,74.907971,0.000000,0.000000,8406504,1928.429576
Randwick,2020-05-01,99.932000,4,10001,114.000,171.997391,2988,9.872800,76.691497,967.538100,5946.268700,135367701,3741.578165
Randwick,2020-06-01,99.932000,4,10001,114.000,171.997391,2988,9.872800,76.691497,0.000000,0.000000,135367701,3741.578165
Randwick,2020-07-01,99.932000,4,10001,114.000,171.997391,2988,9.872800,76.691497,0.000000,0.000000,135367701,3741.578165
Randwick,2020-08-01,99.932000,4,10001,114.000,171.997391,2988,9.872800,76.691497,0.000000,0.000000,135367701,3741.578165
Randwick,2020-09-01,99.932000,4,10001,114.000,171.997391,2988,9.872800,76.691497,0.000000,0.000000,135367701,3741.578165
Randwick,2020-10-01,99.932000,4,10001,114.000,171.997391,2988,9.872800,76.691497,0.000000,0.000000,135367701,3741.578165
Randwick,2020-11-01,99.932000,4,10001,114.000,171.997391,2988,9.872800,76.691497,0.000000,0.000000,135367701,3741.578165
Randwick,2020-12-01,99.934200,15,10000,115.000,184.470730,2500,9.200000,77.000791,-90.150500,-90.471500,13323871,3961.194528
Randwick,2021-01-01,99.921200,15,10000,110.000,172.810174,2480,9.112900,76.698960,0.609300,20.466300,13374013,3769.655363
Randwick,2021-02-01,99.932000,4,10001,114.000,171.997391,2988,9.872800,76.691497,909.133200,771.182800,135367701,3741.578165
Randwick,2021-03-01,99.932000,4,10001,114.000,171.997391,2988,9.872800,76.691497,0.000000,0.000000,135367701,3741.578165
Randwick,2021-04-01,99.932000,4,10001,114.000,171.997391,2988,9.872800,76.691497,0.000000,0.000000,135367701,3741.578165
Ryde,2020-05-01,99.999300,14,5000,89.000,102.015008,613,16.476300,75.309873,-74.536100,-99.728500,28803062,1908.015790
Ryde,2020-06-01,99.999300,14,5000,89.000,102.015008,613,16.476300,75.309873,0.000000,0.000000,28803062,1908.015790
Ryde,2020-07-01,99.999300,14,5000,89.000,102.015008,613,16.476300,75.309873,0.000000,0.000000,28803062,1908.015790
Ryde,2020-08-01,99.999300,14,5000,89.000,102.015008,613,16.476300,75.309873,0.000000,0.000000,28803062,1908.015790
Ryde,2020-09-01,99.999300,14,5000,89.000,102.015008,613,16.476300,75.309873,0.000000,0.000000,28803062,1908.015790
Ryde,2020-10-01,99.999300,14,5000,89.000,102.015008,613,16.476300,75.309873,0.000000,0.000000,28803062,1908.015790
Ryde,2020-11-01,99.999300,14,5000,89.000,102.015008,613,16.476300,75.309873,0.000000,0.000000,28803062,1908.015790
Ryde,2020-12-01,99.999300,16,1086,90.000,102.676510,466,17.167400,75.603855,-90.040600,-90.909100,2879937,1930.088904
Ryde,2021-01-01,99.999300,14,2215,89.000,102.258981,462,17.099600,75.323287,1.049700,0.000000,2908949,1905.653963
Ryde,2021-02-01,99.999300,14,5000,89.000,102.015008,613,16.476300,75.309873,893.650500,1000.000000,28803062,1908.015790
Ryde,2021-03-01,99.999300,14,5000,89.000,102.015008,613,16.476300,75.309873,0.000000,0.000000,28803062,1908.015790
Ryde,2021-04-01,99.999300,14,5000,89.000,102.015008,613,16.476300,75.309873,0.000000,0.000000,28803062,1908.015790
Strathfield,2020-05-01,99.903300,15,4567,67.000,89.521364,198,14.141400,75.626994,-65.855500,4454.545500,9081316,1549.649573
Strathfield,2020-06-01,99.903300,15,4567,67.000,89.521364,198,14.141400,75.626994,0.000000,0.000000,9081316,1549.649573
Strathfield,2020-07-01,99.903300,15,4567,67.000,89.521364,198,14.141400,75.626994,0.000000,0.000000,9081316,1549.649573
Strathfield,2020-08-01,99.903300,15,4567,67.000,89.521364,198,14.141400,75.626994,0.000000,0.000000,9081316,1549.649573
Strathfield,2020-09-01,99.903300,15,4567,67.000,89.521364,198,14.141400,75.626994,0.000000,0.000000,9081316,1549.649573
Strathfield,2020-10-01,99.903300,15,4567,67.000,89.521364,198,14.141400,75.626994,0.000000,0.000000,9081316,1549.649573
Strathfield,2020-11-01,99.903300,15,4567,67.000,89.521364,198,14.141400,75.626994,0.000000,0.000000,9081316,1549.649573
Strathfield,2020-12-01,99.902100,20,4567,65.000,87.265262,152,14.473700,75.627838,-90.146100,-90.020000,869724,1468.649480
Strathfield,2021-01-01,99.906500,20,4567,65.000,86.389150,152,14.473700,75.980771,-1.564400,-6.000000,860450,1440.837409
Strathfield,2021-02-01,99.903300,15,4567,67.000,89.521364,198,14.141400,75.626994,930.958700,965.957400,9081316,1549.649573
Strathfield,2021-03-01,99.903300,15,4567,67.000,89.521364,198,14.141400,75.626994,0.000000,0.000000,9081316,1549.649573
Strathfield,2021-04-01,99.903300,15,4567,67.000,89.521364,198,14.141400,75.626994,0.000000,0.000000,9081316,1549.649573
Sutherland Shire,2020-05-01,99.908800,22,2710,130.000,184.866622,578,28.719700,75.988235,195.122500,178.443100,29515217,3551.468396
Sutherland Shire,2020-06-01,99.908800,22,2710,130.000,184.866622,578,28.719700,75.988235,0.000000,0.000000,29515217,3551.468396
Sutherland Shire,2020-07-01,99.908800,22,2710,130.000,184.866622,578,28.719700,75.988235,0.000000,0.000000,29515217,3551.468396
Sutherland Shire,2020-08-01,99.908800,22,2710,130.000,184.866622,578,28.719700,75.988235,0.000000,0.000000,29515217,3551.468396
Sutherland Shire,2020-09-01,99.908800,22,2710,130.000,184.866622,578,28.719700,75.988235,0.000000,0.000000,29515217,3551.468396
Sutherland Shire,2020-10-01,99.908800,22,2710,130.000,184.866622,578,28.719700,75.988235,0.000000,0.000000,29515217,3551.468396
Sutherland Shire,2020-11-01,99.908800,22,2710,130.000,184.866622,578,28.719700,75.988235,0.000000,0.000000,29515217,3551.468396
Sutherland Shire,2020-12-01,99.931600,24,1669,140.000,207.647630,454,31.277500,75.512835,-89.479300,-92.114700,3084404,3918.688724
Sutherland Shire,2021-01-01,99.921800,24,1741,140.000,213.045634,452,31.415900,76.174214,-3.023100,10.909100,3010555,4063.303432
Sutherland Shire,2021-02-01,99.908800,22,2710,130.000,184.866622,578,28.719700,75.988235,880.141100,1043.442600,29515217,3551.468396
Sutherland Shire,2021-03-01,99.908800,22,2710,130.000,184.866622,578,28.719700,75.988235,0.000000,0.000000,29515217,3551.468396
Sutherland Shire,2021-04-01,99.908800,22,2710,130.000,184.866622,578,28.719700,75.988235,0.000000,0.000000,29515217,3551.468396
Sydney,2020-05-01,99.964200,0,23571,123.000,166.350385,7083,15.021900,75.206434,1468.353300,515.268800,506506310,3419.429172
Sydney,2020-06-01,99.964200,0,23571,123.000,166.350385,7083,15.021900,75.206434,0.000000,0.000000,506506310,3419.429172
Sydney,2020-07-01,99.964200,0,23571,123.000,166.350385,7083,15.021900,75.206434,0.000000,0.000000,506506310,3419.429172
Sydney,2020-08-01,99.964200,0,23571,123.000,166.350385,7083,15.021900,75.206434,0.000000,0.000000,506506310,3419.429172
Sydney,2020-09-01,99.964200,0,23571,123.000,166.350385,7083,15.021900,75.206434,0.000000,0.000000,506506310,3419.429172
Sydney,2020-10-01,99.964200,0,23571,123.000,166.350385,7083,15.021900,75.206434,0.000000,0.000000,506506310,3419.429172
Sydney,2020-11-01,99.964200,0,23571,123.000,166.350385,7083,15.021900,75.206434,0.000000,0.000000,506506310,3419.429172
Sydney,2020-12-01,99.961900,11,22500,125.000,174.454630,5761,14.685000,75.256644,-90.083200,-89.444300,50752704,3578.131874
Sydney,2021-01-01,99.963500,11,23929,120.000,170.963822,5716,14.503100,75.229844,-0.083500,-4.194300,50673640,3547.938531
Sydney,2021-02-01,99.964200,0,23571,123.000,166.350385,7083,15.021900,75.206434,909.233100,888.824900,506506310,3419.429172
Sydney,2021-03-01,99.964200,0,23571,123.000,166.350385,7083,15.021900,75.206434,0.000000,0.000000,506506310,3419.429172
Sydney,2021-04-01,99.964200,0,23571,123.000,166.350385,7083,15.021900,75.206434,0.000000,0.000000,506506310,3419.429172
The Hills Shire,2020-05-01,99.857500,21,9999,80.000,127.486146,303,23.762400,76.295222,-96.920500,-87.731600,11687782,1924.130195
The Hills Shire,2020-06-01,99.857500,21,9999,80.000,127.486146,303,23.762400,76.295222,0.000000,0.000000,11687782,1924.130195
The Hills Shire,2020-07-01,99.857500,21,9999,80.000,127.486146,303,23.762400,76.295222,0.000000,0.000000,11687782,1924.130195
The Hills Shire,2020-08-01,99.857500,21,9999,80.000,127.486146,303,23.762400,76.295222,0.000000,0.000000,11687782,1924.130195
The Hills Shire,2020-09-01,99.857500,21,9999,80.000,127.486146,303,23.762400,76.295222,0.000000,0.000000,11687782,1924.130195
The Hills Shire,2020-10-01,99.857500,21,9999,80.000,127.486146,303,23.762400,76.295222,0.000000,0.000000,11687782,1924.130195
The Hills Shire,2020-11-01,99.857500,21,9999,80.000,127.486146,303,23.762400,76.295222,0.000000,0.000000,11687782,1924.130195
The Hills Shire,2020-12-01,99.866600,25,7918,80.000,130.733390,237,21.519000,76.024489,-89.851700,-90.503300,1198446,2018.061124
The Hills Shire,2021-01-01,99.862700,25,8224,85.000,136.361398,235,21.702100,75.769914,-0.912100,2.000000,1178956,2020.322798
The Hills Shire,2021-02-01,99.857500,21,9999,80.000,127.486146,303,23.762400,76.295222,894.462100,932.352900,11687782,1924.130195
The Hills Shire,2021-03-01,99.857500,21,9999,80.000,127.486146,303,23.762400,76.295222,0.000000,0.000000,11687782,1924.130195
The Hills Shire,2021-04-01,99.857500,21,9999,80.000,127.486146,303,23.762400,76.295222,0.000000,0.000000,11687782,1924.130195
Waverley,2020-05-01,99.984000,4,10000,150.000,206.279309,4887,8.778400,76.461683,1220.764600,47.673300,232321997,4716.701489
Waverley,2020-06-01,99.984000,4,10000,150.000,206.279309,4887,8.778400,76.461683,0.000000,0.000000,232321997,4716.701489
Waverley,2020-07-01,99.984000,4,10000,150.000,206.279309,4887,8.778400,76.461683,0.000000,0.000000,232321997,4716.701489
Waverley,2020-08-01,99.984000,4,10000,150.000,206.279309,4887,8.778400,76.461683,0.000000,0.000000,232321997,4716.701489
Waverley,2020-09-01,99.984000,4,10000,150.000,206.279309,4887,8.778400,76.461683,0.000000,0.000000,232321997,4716.701489
Waverley,2020-10-01,99.984000,4,10000,150.000,206.279309,4887,8.778400,76.461683,0.000000,0.000000,232321997,4716.701489
Waverley,2020-11-01,99.984000,4,10000,150.000,206.279309,4887,8.778400,76.461683,0.000000,0.000000,232321997,4716.701489
Waverley,2020-12-01,99.976000,5,10000,159.000,224.634698,4114,8.507500,76.477597,-90.001800,-84.951800,23382022,5139.624510
Waverley,2021-01-01,99.977000,5,10000,152.000,218.122123,4079,8.458000,76.325359,1.107400,-2.991500,23560940,4940.625895
Waverley,2021-02-01,99.984000,4,10000,150.000,206.279309,4887,8.778400,76.461683,889.221100,585.022000,232321997,4716.701489
Waverley,2021-03-01,99.984000,4,10000,150.000,206.279309,4887,8.778400,76.461683,0.000000,0.000000,232321997,4716.701489
Waverley,2021-04-01,99.984000,4,10000,150.000,206.279309,4887,8.778400,76.461683,0.000000,0.000000,232321997,4716.701489
Willoughby,2020-05-01,99.996300,19,14568,100.000,173.766960,497,12.676100,75.858947,-89.123400,-97.492000,19203258,3571.858943
Willoughby,2020-06-01,99.996300,19,14568,100.000,173.766960,497,12.676100,75.858947,0.000000,0.000000,19203258,3571.858943
Willoughby,2020-07-01,99.996300,19,14568,100.000,173.766960,497,12.676100,75.858947,0.000000,0.000000,19203258,3571.858943
Willoughby,2020-08-01,99.996300,19,14568,100.000,173.766960,497,12.676100,75.858947,0.000000,0.000000,19203258,3571.858943
Willoughby,2020-09-01,99.996300,19,14568,100.000,173.766960,497,12.676100,75.858947,0.000000,0.000000,19203258,3571.858943
Willoughby,2020-10-01,99.996300,19,14568,100.000,173.766960,497,12.676100,75.858947,0.000000,0.000000,19203258,3571.858943
Willoughby,2020-11-01,99.996300,19,14568,100.000,173.766960,497,12.676100,75.858947,0.000000,0.000000,19203258,3571.858943
Willoughby,2020-12-01,99.997100,22,14568,100.000,210.467791,400,13.250000,76.125474,-90.348700,-92.307700,1919595,4647.022219
Willoughby,2021-01-01,99.997200,24,14568,100.000,186.596251,398,13.065300,75.586001,5.117200,0.000000,1974604,4059.432623
Willoughby,2021-02-01,99.996300,19,14568,100.000,173.766960,497,12.676100,75.858947,885.693300,1200.000000,19203258,3571.858943
Willoughby,2021-03-01,99.996300,19,14568,100.000,173.766960,497,12.676100,75.858947,0.000000,0.000000,19203258,3571.858943
Willoughby,2021-04-01,99.996300,19,14568,100.000,173.766960,497,12.676100,75.858947,0.000000,0.000000,19203258,3571.858943
Woollahra,2020-05-01,99.997000,20,28613,140.000,229.072956,1568,10.586700,76.154059,194.511800,143.589700,69013566,4963.281783
Woollahra,2020-06-01,99.997000,20,28613,140.000,229.072956,1568,10.586700,76.154059,0.000000,0.000000,69013566,4963.281783
Woollahra,2020-07-01,99.997000,20,28613,140.000,229.072956,1568,10.586700,76.154059,0.000000,0.000000,69013566,4963.281783
Woollahra,2020-08-01,99.997000,20,28613,140.000,229.072956,1568,10.586700,76.154059,0.000000,0.000000,69013566,4963.281783
Woollahra,2020-09-01,99.997000,20,28613,140.000,229.072956,1568,10.586700,76.154059,0.000000,0.000000,69013566,4963.281783
Woollahra,2020-10-01,99.997000,20,28613,140.000,229.072956,1568,10.586700,76.154059,0.000000,0.000000,69013566,4963.281783
Woollahra,2020-11-01,99.997000,20,28613,140.000,229.072956,1568,10.586700,76.154059,0.000000,0.000000,69013566,4963.281783
Woollahra,2020-12-01,99.997700,25,28613,150.000,247.310343,1282,9.984400,76.246235,-90.250000,-92.631600,6776593,5415.900024
Woollahra,2021-01-01,99.997700,25,28613,150.000,247.442180,1275,9.882400,76.297082,-0.689900,0.000000,6696531,5451.729413
Woollahra,2021-02-01,99.997000,20,28613,140.000,229.072956,1568,10.586700,76.154059,932.768700,1257.142900,69013566,4963.281783
Woollahra,2021-03-01,99.997000,20,28613,140.000,229.072956,1568,10.586700,76.154059,0.000000,0.000000,69013566,4963.281783
Woollahra,2021-04-01,99.997000,20,28613,140.000,229.072956,1568,10.586700,76.154059,0.000000,0.000000,69013566,4963.281783
